,index,X,Y,Spatial Step,Event,Time Start,Time Span,Accuracy
0,0,1,1,3,SR,-0.8,0.1,0.45161290322580644
1,1,1,2,3,SR,-0.8,0.1,0.4838709677419355
2,2,1,3,3,SR,-0.8,0.1,0.6129032258064516
3,3,1,4,3,SR,-0.8,0.1,0.5483870967741935
4,4,1,5,3,SR,-0.8,0.1,0.5483870967741935
5,5,1,6,3,SR,-0.8,0.1,0.5483870967741935
6,6,1,7,3,SR,-0.8,0.1,0.5806451612903226
7,7,1,8,3,SR,-0.8,0.1,0.3548387096774194
8,8,2,1,3,SR,-0.8,0.1,0.5161290322580645
9,9,2,2,3,SR,-0.8,0.1,0.41935483870967744
10,10,2,3,3,SR,-0.8,0.1,0.41935483870967744
11,11,2,4,3,SR,-0.8,0.1,0.5483870967741935
12,12,2,5,3,SR,-0.8,0.1,0.6129032258064516
13,13,2,6,3,SR,-0.8,0.1,0.5161290322580645
14,14,2,7,3,SR,-0.8,0.1,0.45161290322580644
15,15,2,8,3,SR,-0.8,0.1,0.45161290322580644
16,16,3,1,3,SR,-0.8,0.1,0.5161290322580645
17,17,3,2,3,SR,-0.8,0.1,0.5483870967741935
18,18,3,3,3,SR,-0.8,0.1,0.5161290322580645
19,19,3,4,3,SR,-0.8,0.1,0.41935483870967744
20,20,3,5,3,SR,-0.8,0.1,0.41935483870967744
21,21,3,6,3,SR,-0.8,0.1,0.3870967741935484
22,22,3,7,3,SR,-0.8,0.1,0.3548387096774194
23,23,3,8,3,SR,-0.8,0.1,0.3870967741935484
24,24,4,1,3,SR,-0.8,0.1,0.6129032258064516
25,25,4,2,3,SR,-0.8,0.1,0.5806451612903226
26,26,4,3,3,SR,-0.8,0.1,0.5806451612903226
27,27,4,4,3,SR,-0.8,0.1,0.41935483870967744
28,28,4,5,3,SR,-0.8,0.1,0.3870967741935484
29,29,4,6,3,SR,-0.8,0.1,0.45161290322580644
30,30,4,7,3,SR,-0.8,0.1,0.3870967741935484
31,31,4,8,3,SR,-0.8,0.1,0.45161290322580644
32,32,5,1,3,SR,-0.8,0.1,0.6129032258064516
33,33,5,2,3,SR,-0.8,0.1,0.5806451612903226
34,34,5,3,3,SR,-0.8,0.1,0.6774193548387096
35,35,5,4,3,SR,-0.8,0.1,0.3548387096774194
36,36,5,5,3,SR,-0.8,0.1,0.3870967741935484
37,37,5,6,3,SR,-0.8,0.1,0.3548387096774194
38,38,5,7,3,SR,-0.8,0.1,0.3870967741935484
39,39,5,8,3,SR,-0.8,0.1,0.3870967741935484
40,40,6,1,3,SR,-0.8,0.1,0.7096774193548387
41,41,6,2,3,SR,-0.8,0.1,0.6129032258064516
42,42,6,3,3,SR,-0.8,0.1,0.5483870967741935
43,43,6,4,3,SR,-0.8,0.1,0.5483870967741935
44,44,6,5,3,SR,-0.8,0.1,0.3870967741935484
45,45,6,6,3,SR,-0.8,0.1,0.5161290322580645
46,46,6,7,3,SR,-0.8,0.1,0.6129032258064516
47,47,6,8,3,SR,-0.8,0.1,0.4838709677419355
48,48,7,1,3,SR,-0.8,0.1,0.5806451612903226
49,49,7,2,3,SR,-0.8,0.1,0.5161290322580645
50,50,7,3,3,SR,-0.8,0.1,0.5161290322580645
51,51,7,4,3,SR,-0.8,0.1,0.5483870967741935
52,52,7,5,3,SR,-0.8,0.1,0.41935483870967744
53,53,7,6,3,SR,-0.8,0.1,0.5483870967741935
54,54,7,7,3,SR,-0.8,0.1,0.5483870967741935
55,55,7,8,3,SR,-0.8,0.1,0.7419354838709677
56,56,8,1,3,SR,-0.8,0.1,0.6451612903225806
57,57,8,2,3,SR,-0.8,0.1,0.5483870967741935
58,58,8,3,3,SR,-0.8,0.1,0.5806451612903226
59,59,8,4,3,SR,-0.8,0.1,0.6129032258064516
60,60,8,5,3,SR,-0.8,0.1,0.6774193548387096
61,61,8,6,3,SR,-0.8,0.1,0.8387096774193549
62,62,8,7,3,SR,-0.8,0.1,0.7419354838709677
63,63,8,8,3,SR,-0.8,0.1,0.8709677419354839
64,0,1,1,3,SR,-0.7,0.1,0.5483870967741935
65,1,1,2,3,SR,-0.7,0.1,0.5483870967741935
66,2,1,3,3,SR,-0.7,0.1,0.45161290322580644
67,3,1,4,3,SR,-0.7,0.1,0.5483870967741935
68,4,1,5,3,SR,-0.7,0.1,0.5483870967741935
69,5,1,6,3,SR,-0.7,0.1,0.5806451612903226
70,6,1,7,3,SR,-0.7,0.1,0.6129032258064516
71,7,1,8,3,SR,-0.7,0.1,0.45161290322580644
72,8,2,1,3,SR,-0.7,0.1,0.5161290322580645
73,9,2,2,3,SR,-0.7,0.1,0.5806451612903226
74,10,2,3,3,SR,-0.7,0.1,0.5806451612903226
75,11,2,4,3,SR,-0.7,0.1,0.6774193548387096
76,12,2,5,3,SR,-0.7,0.1,0.6129032258064516
77,13,2,6,3,SR,-0.7,0.1,0.5806451612903226
78,14,2,7,3,SR,-0.7,0.1,0.41935483870967744
79,15,2,8,3,SR,-0.7,0.1,0.6774193548387096
80,16,3,1,3,SR,-0.7,0.1,0.5806451612903226
81,17,3,2,3,SR,-0.7,0.1,0.3870967741935484
82,18,3,3,3,SR,-0.7,0.1,0.3870967741935484
83,19,3,4,3,SR,-0.7,0.1,0.5483870967741935
84,20,3,5,3,SR,-0.7,0.1,0.45161290322580644
85,21,3,6,3,SR,-0.7,0.1,0.5483870967741935
86,22,3,7,3,SR,-0.7,0.1,0.5161290322580645
87,23,3,8,3,SR,-0.7,0.1,0.3870967741935484
88,24,4,1,3,SR,-0.7,0.1,0.4838709677419355
89,25,4,2,3,SR,-0.7,0.1,0.3548387096774194
90,26,4,3,3,SR,-0.7,0.1,0.45161290322580644
91,27,4,4,3,SR,-0.7,0.1,0.41935483870967744
92,28,4,5,3,SR,-0.7,0.1,0.45161290322580644
93,29,4,6,3,SR,-0.7,0.1,0.4838709677419355
94,30,4,7,3,SR,-0.7,0.1,0.3870967741935484
95,31,4,8,3,SR,-0.7,0.1,0.4838709677419355
96,32,5,1,3,SR,-0.7,0.1,0.4838709677419355
97,33,5,2,3,SR,-0.7,0.1,0.25806451612903225
98,34,5,3,3,SR,-0.7,0.1,0.3548387096774194
99,35,5,4,3,SR,-0.7,0.1,0.6451612903225806
100,36,5,5,3,SR,-0.7,0.1,0.5483870967741935
101,37,5,6,3,SR,-0.7,0.1,0.6129032258064516
102,38,5,7,3,SR,-0.7,0.1,0.4838709677419355
103,39,5,8,3,SR,-0.7,0.1,0.45161290322580644
104,40,6,1,3,SR,-0.7,0.1,0.6129032258064516
105,41,6,2,3,SR,-0.7,0.1,0.6451612903225806
106,42,6,3,3,SR,-0.7,0.1,0.5806451612903226
107,43,6,4,3,SR,-0.7,0.1,0.5161290322580645
108,44,6,5,3,SR,-0.7,0.1,0.6774193548387096
109,45,6,6,3,SR,-0.7,0.1,0.5161290322580645
110,46,6,7,3,SR,-0.7,0.1,0.5483870967741935
111,47,6,8,3,SR,-0.7,0.1,0.5806451612903226
112,48,7,1,3,SR,-0.7,0.1,0.5806451612903226
113,49,7,2,3,SR,-0.7,0.1,0.5483870967741935
114,50,7,3,3,SR,-0.7,0.1,0.4838709677419355
115,51,7,4,3,SR,-0.7,0.1,0.5806451612903226
116,52,7,5,3,SR,-0.7,0.1,0.6451612903225806
117,53,7,6,3,SR,-0.7,0.1,0.6774193548387096
118,54,7,7,3,SR,-0.7,0.1,0.6451612903225806
119,55,7,8,3,SR,-0.7,0.1,0.8064516129032258
120,56,8,1,3,SR,-0.7,0.1,0.7419354838709677
121,57,8,2,3,SR,-0.7,0.1,0.7419354838709677
122,58,8,3,3,SR,-0.7,0.1,0.5161290322580645
123,59,8,4,3,SR,-0.7,0.1,0.6129032258064516
124,60,8,5,3,SR,-0.7,0.1,0.7096774193548387
125,61,8,6,3,SR,-0.7,0.1,0.6774193548387096
126,62,8,7,3,SR,-0.7,0.1,0.5806451612903226
127,63,8,8,3,SR,-0.7,0.1,0.7096774193548387
128,0,1,1,3,SR,-0.6,0.1,0.5806451612903226
129,1,1,2,3,SR,-0.6,0.1,0.3548387096774194
130,2,1,3,3,SR,-0.6,0.1,0.3870967741935484
131,3,1,4,3,SR,-0.6,0.1,0.2903225806451613
132,4,1,5,3,SR,-0.6,0.1,0.22580645161290322
133,5,1,6,3,SR,-0.6,0.1,0.3548387096774194
134,6,1,7,3,SR,-0.6,0.1,0.45161290322580644
135,7,1,8,3,SR,-0.6,0.1,0.6451612903225806
136,8,2,1,3,SR,-0.6,0.1,0.5483870967741935
137,9,2,2,3,SR,-0.6,0.1,0.3225806451612903
138,10,2,3,3,SR,-0.6,0.1,0.3870967741935484
139,11,2,4,3,SR,-0.6,0.1,0.3548387096774194
140,12,2,5,3,SR,-0.6,0.1,0.2903225806451613
141,13,2,6,3,SR,-0.6,0.1,0.45161290322580644
142,14,2,7,3,SR,-0.6,0.1,0.6774193548387096
143,15,2,8,3,SR,-0.6,0.1,0.6451612903225806
144,16,3,1,3,SR,-0.6,0.1,0.45161290322580644
145,17,3,2,3,SR,-0.6,0.1,0.41935483870967744
146,18,3,3,3,SR,-0.6,0.1,0.41935483870967744
147,19,3,4,3,SR,-0.6,0.1,0.3870967741935484
148,20,3,5,3,SR,-0.6,0.1,0.4838709677419355
149,21,3,6,3,SR,-0.6,0.1,0.5161290322580645
150,22,3,7,3,SR,-0.6,0.1,0.6129032258064516
151,23,3,8,3,SR,-0.6,0.1,0.7096774193548387
152,24,4,1,3,SR,-0.6,0.1,0.5806451612903226
153,25,4,2,3,SR,-0.6,0.1,0.4838709677419355
154,26,4,3,3,SR,-0.6,0.1,0.45161290322580644
155,27,4,4,3,SR,-0.6,0.1,0.41935483870967744
156,28,4,5,3,SR,-0.6,0.1,0.4838709677419355
157,29,4,6,3,SR,-0.6,0.1,0.4838709677419355
158,30,4,7,3,SR,-0.6,0.1,0.45161290322580644
159,31,4,8,3,SR,-0.6,0.1,0.6129032258064516
160,32,5,1,3,SR,-0.6,0.1,0.5483870967741935
161,33,5,2,3,SR,-0.6,0.1,0.5483870967741935
162,34,5,3,3,SR,-0.6,0.1,0.3548387096774194
163,35,5,4,3,SR,-0.6,0.1,0.45161290322580644
164,36,5,5,3,SR,-0.6,0.1,0.45161290322580644
165,37,5,6,3,SR,-0.6,0.1,0.45161290322580644
166,38,5,7,3,SR,-0.6,0.1,0.41935483870967744
167,39,5,8,3,SR,-0.6,0.1,0.5161290322580645
168,40,6,1,3,SR,-0.6,0.1,0.45161290322580644
169,41,6,2,3,SR,-0.6,0.1,0.4838709677419355
170,42,6,3,3,SR,-0.6,0.1,0.4838709677419355
171,43,6,4,3,SR,-0.6,0.1,0.4838709677419355
172,44,6,5,3,SR,-0.6,0.1,0.41935483870967744
173,45,6,6,3,SR,-0.6,0.1,0.5161290322580645
174,46,6,7,3,SR,-0.6,0.1,0.45161290322580644
175,47,6,8,3,SR,-0.6,0.1,0.4838709677419355
176,48,7,1,3,SR,-0.6,0.1,0.45161290322580644
177,49,7,2,3,SR,-0.6,0.1,0.41935483870967744
178,50,7,3,3,SR,-0.6,0.1,0.5483870967741935
179,51,7,4,3,SR,-0.6,0.1,0.2903225806451613
180,52,7,5,3,SR,-0.6,0.1,0.3548387096774194
181,53,7,6,3,SR,-0.6,0.1,0.4838709677419355
182,54,7,7,3,SR,-0.6,0.1,0.5483870967741935
183,55,7,8,3,SR,-0.6,0.1,0.6774193548387096
184,56,8,1,3,SR,-0.6,0.1,0.6129032258064516
185,57,8,2,3,SR,-0.6,0.1,0.6129032258064516
186,58,8,3,3,SR,-0.6,0.1,0.3870967741935484
187,59,8,4,3,SR,-0.6,0.1,0.5483870967741935
188,60,8,5,3,SR,-0.6,0.1,0.5806451612903226
189,61,8,6,3,SR,-0.6,0.1,0.5161290322580645
190,62,8,7,3,SR,-0.6,0.1,0.5483870967741935
191,63,8,8,3,SR,-0.6,0.1,0.7741935483870968
192,0,1,1,3,SR,-0.5,0.1,0.3225806451612903
193,1,1,2,3,SR,-0.5,0.1,0.5483870967741935
194,2,1,3,3,SR,-0.5,0.1,0.5806451612903226
195,3,1,4,3,SR,-0.5,0.1,0.6774193548387096
196,4,1,5,3,SR,-0.5,0.1,0.45161290322580644
197,5,1,6,3,SR,-0.5,0.1,0.45161290322580644
198,6,1,7,3,SR,-0.5,0.1,0.3548387096774194
199,7,1,8,3,SR,-0.5,0.1,0.4838709677419355
200,8,2,1,3,SR,-0.5,0.1,0.45161290322580644
201,9,2,2,3,SR,-0.5,0.1,0.5161290322580645
202,10,2,3,3,SR,-0.5,0.1,0.4838709677419355
203,11,2,4,3,SR,-0.5,0.1,0.5483870967741935
204,12,2,5,3,SR,-0.5,0.1,0.41935483870967744
205,13,2,6,3,SR,-0.5,0.1,0.3225806451612903
206,14,2,7,3,SR,-0.5,0.1,0.45161290322580644
207,15,2,8,3,SR,-0.5,0.1,0.41935483870967744
208,16,3,1,3,SR,-0.5,0.1,0.45161290322580644
209,17,3,2,3,SR,-0.5,0.1,0.3870967741935484
210,18,3,3,3,SR,-0.5,0.1,0.4838709677419355
211,19,3,4,3,SR,-0.5,0.1,0.4838709677419355
212,20,3,5,3,SR,-0.5,0.1,0.4838709677419355
213,21,3,6,3,SR,-0.5,0.1,0.2903225806451613
214,22,3,7,3,SR,-0.5,0.1,0.2903225806451613
215,23,3,8,3,SR,-0.5,0.1,0.3225806451612903
216,24,4,1,3,SR,-0.5,0.1,0.45161290322580644
217,25,4,2,3,SR,-0.5,0.1,0.3548387096774194
218,26,4,3,3,SR,-0.5,0.1,0.5161290322580645
219,27,4,4,3,SR,-0.5,0.1,0.3548387096774194
220,28,4,5,3,SR,-0.5,0.1,0.45161290322580644
221,29,4,6,3,SR,-0.5,0.1,0.5483870967741935
222,30,4,7,3,SR,-0.5,0.1,0.45161290322580644
223,31,4,8,3,SR,-0.5,0.1,0.45161290322580644
224,32,5,1,3,SR,-0.5,0.1,0.41935483870967744
225,33,5,2,3,SR,-0.5,0.1,0.41935483870967744
226,34,5,3,3,SR,-0.5,0.1,0.41935483870967744
227,35,5,4,3,SR,-0.5,0.1,0.3870967741935484
228,36,5,5,3,SR,-0.5,0.1,0.4838709677419355
229,37,5,6,3,SR,-0.5,0.1,0.5483870967741935
230,38,5,7,3,SR,-0.5,0.1,0.41935483870967744
231,39,5,8,3,SR,-0.5,0.1,0.3225806451612903
232,40,6,1,3,SR,-0.5,0.1,0.5161290322580645
233,41,6,2,3,SR,-0.5,0.1,0.5806451612903226
234,42,6,3,3,SR,-0.5,0.1,0.4838709677419355
235,43,6,4,3,SR,-0.5,0.1,0.7096774193548387
236,44,6,5,3,SR,-0.5,0.1,0.4838709677419355
237,45,6,6,3,SR,-0.5,0.1,0.4838709677419355
238,46,6,7,3,SR,-0.5,0.1,0.5161290322580645
239,47,6,8,3,SR,-0.5,0.1,0.3870967741935484
240,48,7,1,3,SR,-0.5,0.1,0.6129032258064516
241,49,7,2,3,SR,-0.5,0.1,0.6451612903225806
242,50,7,3,3,SR,-0.5,0.1,0.4838709677419355
243,51,7,4,3,SR,-0.5,0.1,0.45161290322580644
244,52,7,5,3,SR,-0.5,0.1,0.5161290322580645
245,53,7,6,3,SR,-0.5,0.1,0.6129032258064516
246,54,7,7,3,SR,-0.5,0.1,0.5161290322580645
247,55,7,8,3,SR,-0.5,0.1,0.6451612903225806
248,56,8,1,3,SR,-0.5,0.1,0.5806451612903226
249,57,8,2,3,SR,-0.5,0.1,0.8709677419354839
250,58,8,3,3,SR,-0.5,0.1,0.4838709677419355
251,59,8,4,3,SR,-0.5,0.1,0.3225806451612903
252,60,8,5,3,SR,-0.5,0.1,0.6129032258064516
253,61,8,6,3,SR,-0.5,0.1,0.5806451612903226
254,62,8,7,3,SR,-0.5,0.1,0.5806451612903226
255,63,8,8,3,SR,-0.5,0.1,0.5483870967741935
256,0,1,1,3,SR,-0.4,0.1,0.5161290322580645
257,1,1,2,3,SR,-0.4,0.1,0.6129032258064516
258,2,1,3,3,SR,-0.4,0.1,0.45161290322580644
259,3,1,4,3,SR,-0.4,0.1,0.4838709677419355
260,4,1,5,3,SR,-0.4,0.1,0.5161290322580645
261,5,1,6,3,SR,-0.4,0.1,0.7419354838709677
262,6,1,7,3,SR,-0.4,0.1,0.5806451612903226
263,7,1,8,3,SR,-0.4,0.1,0.5161290322580645
264,8,2,1,3,SR,-0.4,0.1,0.5161290322580645
265,9,2,2,3,SR,-0.4,0.1,0.6129032258064516
266,10,2,3,3,SR,-0.4,0.1,0.4838709677419355
267,11,2,4,3,SR,-0.4,0.1,0.4838709677419355
268,12,2,5,3,SR,-0.4,0.1,0.5806451612903226
269,13,2,6,3,SR,-0.4,0.1,0.4838709677419355
270,14,2,7,3,SR,-0.4,0.1,0.3548387096774194
271,15,2,8,3,SR,-0.4,0.1,0.5161290322580645
272,16,3,1,3,SR,-0.4,0.1,0.6129032258064516
273,17,3,2,3,SR,-0.4,0.1,0.45161290322580644
274,18,3,3,3,SR,-0.4,0.1,0.4838709677419355
275,19,3,4,3,SR,-0.4,0.1,0.4838709677419355
276,20,3,5,3,SR,-0.4,0.1,0.5483870967741935
277,21,3,6,3,SR,-0.4,0.1,0.5483870967741935
278,22,3,7,3,SR,-0.4,0.1,0.5483870967741935
279,23,3,8,3,SR,-0.4,0.1,0.5806451612903226
280,24,4,1,3,SR,-0.4,0.1,0.5483870967741935
281,25,4,2,3,SR,-0.4,0.1,0.5483870967741935
282,26,4,3,3,SR,-0.4,0.1,0.5483870967741935
283,27,4,4,3,SR,-0.4,0.1,0.5806451612903226
284,28,4,5,3,SR,-0.4,0.1,0.5483870967741935
285,29,4,6,3,SR,-0.4,0.1,0.5483870967741935
286,30,4,7,3,SR,-0.4,0.1,0.5483870967741935
287,31,4,8,3,SR,-0.4,0.1,0.5806451612903226
288,32,5,1,3,SR,-0.4,0.1,0.5161290322580645
289,33,5,2,3,SR,-0.4,0.1,0.7741935483870968
290,34,5,3,3,SR,-0.4,0.1,0.6774193548387096
291,35,5,4,3,SR,-0.4,0.1,0.5483870967741935
292,36,5,5,3,SR,-0.4,0.1,0.7096774193548387
293,37,5,6,3,SR,-0.4,0.1,0.4838709677419355
294,38,5,7,3,SR,-0.4,0.1,0.6774193548387096
295,39,5,8,3,SR,-0.4,0.1,0.5483870967741935
296,40,6,1,3,SR,-0.4,0.1,0.6129032258064516
297,41,6,2,3,SR,-0.4,0.1,0.6774193548387096
298,42,6,3,3,SR,-0.4,0.1,0.6451612903225806
299,43,6,4,3,SR,-0.4,0.1,0.6774193548387096
300,44,6,5,3,SR,-0.4,0.1,0.5161290322580645
301,45,6,6,3,SR,-0.4,0.1,0.4838709677419355
302,46,6,7,3,SR,-0.4,0.1,0.5806451612903226
303,47,6,8,3,SR,-0.4,0.1,0.5806451612903226
304,48,7,1,3,SR,-0.4,0.1,0.5806451612903226
305,49,7,2,3,SR,-0.4,0.1,0.7096774193548387
306,50,7,3,3,SR,-0.4,0.1,0.5806451612903226
307,51,7,4,3,SR,-0.4,0.1,0.4838709677419355
308,52,7,5,3,SR,-0.4,0.1,0.5161290322580645
309,53,7,6,3,SR,-0.4,0.1,0.4838709677419355
310,54,7,7,3,SR,-0.4,0.1,0.45161290322580644
311,55,7,8,3,SR,-0.4,0.1,0.5806451612903226
312,56,8,1,3,SR,-0.4,0.1,0.7419354838709677
313,57,8,2,3,SR,-0.4,0.1,0.7741935483870968
314,58,8,3,3,SR,-0.4,0.1,0.5161290322580645
315,59,8,4,3,SR,-0.4,0.1,0.3548387096774194
316,60,8,5,3,SR,-0.4,0.1,0.45161290322580644
317,61,8,6,3,SR,-0.4,0.1,0.5483870967741935
318,62,8,7,3,SR,-0.4,0.1,0.6774193548387096
319,63,8,8,3,SR,-0.4,0.1,0.5161290322580645
320,0,1,1,3,SR,-0.3,0.1,0.5806451612903226
321,1,1,2,3,SR,-0.3,0.1,0.4838709677419355
322,2,1,3,3,SR,-0.3,0.1,0.6129032258064516
323,3,1,4,3,SR,-0.3,0.1,0.5806451612903226
324,4,1,5,3,SR,-0.3,0.1,0.5483870967741935
325,5,1,6,3,SR,-0.3,0.1,0.6774193548387096
326,6,1,7,3,SR,-0.3,0.1,0.5806451612903226
327,7,1,8,3,SR,-0.3,0.1,0.4838709677419355
328,8,2,1,3,SR,-0.3,0.1,0.6129032258064516
329,9,2,2,3,SR,-0.3,0.1,0.4838709677419355
330,10,2,3,3,SR,-0.3,0.1,0.4838709677419355
331,11,2,4,3,SR,-0.3,0.1,0.45161290322580644
332,12,2,5,3,SR,-0.3,0.1,0.5161290322580645
333,13,2,6,3,SR,-0.3,0.1,0.5483870967741935
334,14,2,7,3,SR,-0.3,0.1,0.5483870967741935
335,15,2,8,3,SR,-0.3,0.1,0.5483870967741935
336,16,3,1,3,SR,-0.3,0.1,0.5806451612903226
337,17,3,2,3,SR,-0.3,0.1,0.6129032258064516
338,18,3,3,3,SR,-0.3,0.1,0.4838709677419355
339,19,3,4,3,SR,-0.3,0.1,0.5161290322580645
340,20,3,5,3,SR,-0.3,0.1,0.3870967741935484
341,21,3,6,3,SR,-0.3,0.1,0.4838709677419355
342,22,3,7,3,SR,-0.3,0.1,0.41935483870967744
343,23,3,8,3,SR,-0.3,0.1,0.5161290322580645
344,24,4,1,3,SR,-0.3,0.1,0.5161290322580645
345,25,4,2,3,SR,-0.3,0.1,0.5483870967741935
346,26,4,3,3,SR,-0.3,0.1,0.4838709677419355
347,27,4,4,3,SR,-0.3,0.1,0.45161290322580644
348,28,4,5,3,SR,-0.3,0.1,0.3870967741935484
349,29,4,6,3,SR,-0.3,0.1,0.4838709677419355
350,30,4,7,3,SR,-0.3,0.1,0.45161290322580644
351,31,4,8,3,SR,-0.3,0.1,0.5483870967741935
352,32,5,1,3,SR,-0.3,0.1,0.5161290322580645
353,33,5,2,3,SR,-0.3,0.1,0.5483870967741935
354,34,5,3,3,SR,-0.3,0.1,0.45161290322580644
355,35,5,4,3,SR,-0.3,0.1,0.45161290322580644
356,36,5,5,3,SR,-0.3,0.1,0.4838709677419355
357,37,5,6,3,SR,-0.3,0.1,0.41935483870967744
358,38,5,7,3,SR,-0.3,0.1,0.4838709677419355
359,39,5,8,3,SR,-0.3,0.1,0.5806451612903226
360,40,6,1,3,SR,-0.3,0.1,0.5806451612903226
361,41,6,2,3,SR,-0.3,0.1,0.45161290322580644
362,42,6,3,3,SR,-0.3,0.1,0.5483870967741935
363,43,6,4,3,SR,-0.3,0.1,0.41935483870967744
364,44,6,5,3,SR,-0.3,0.1,0.5806451612903226
365,45,6,6,3,SR,-0.3,0.1,0.6451612903225806
366,46,6,7,3,SR,-0.3,0.1,0.5483870967741935
367,47,6,8,3,SR,-0.3,0.1,0.5483870967741935
368,48,7,1,3,SR,-0.3,0.1,0.5483870967741935
369,49,7,2,3,SR,-0.3,0.1,0.41935483870967744
370,50,7,3,3,SR,-0.3,0.1,0.6129032258064516
371,51,7,4,3,SR,-0.3,0.1,0.5483870967741935
372,52,7,5,3,SR,-0.3,0.1,0.6129032258064516
373,53,7,6,3,SR,-0.3,0.1,0.45161290322580644
374,54,7,7,3,SR,-0.3,0.1,0.4838709677419355
375,55,7,8,3,SR,-0.3,0.1,0.41935483870967744
376,56,8,1,3,SR,-0.3,0.1,0.5806451612903226
377,57,8,2,3,SR,-0.3,0.1,0.6129032258064516
378,58,8,3,3,SR,-0.3,0.1,0.6451612903225806
379,59,8,4,3,SR,-0.3,0.1,0.6774193548387096
380,60,8,5,3,SR,-0.3,0.1,0.6774193548387096
381,61,8,6,3,SR,-0.3,0.1,0.45161290322580644
382,62,8,7,3,SR,-0.3,0.1,0.5483870967741935
383,63,8,8,3,SR,-0.3,0.1,0.4838709677419355
384,0,1,1,3,SR,-0.2,0.1,0.5806451612903226
385,1,1,2,3,SR,-0.2,0.1,0.5806451612903226
386,2,1,3,3,SR,-0.2,0.1,0.5806451612903226
387,3,1,4,3,SR,-0.2,0.1,0.5483870967741935
388,4,1,5,3,SR,-0.2,0.1,0.4838709677419355
389,5,1,6,3,SR,-0.2,0.1,0.45161290322580644
390,6,1,7,3,SR,-0.2,0.1,0.5161290322580645
391,7,1,8,3,SR,-0.2,0.1,0.5806451612903226
392,8,2,1,3,SR,-0.2,0.1,0.6129032258064516
393,9,2,2,3,SR,-0.2,0.1,0.6129032258064516
394,10,2,3,3,SR,-0.2,0.1,0.6451612903225806
395,11,2,4,3,SR,-0.2,0.1,0.5161290322580645
396,12,2,5,3,SR,-0.2,0.1,0.45161290322580644
397,13,2,6,3,SR,-0.2,0.1,0.5806451612903226
398,14,2,7,3,SR,-0.2,0.1,0.5806451612903226
399,15,2,8,3,SR,-0.2,0.1,0.6774193548387096
400,16,3,1,3,SR,-0.2,0.1,0.5806451612903226
401,17,3,2,3,SR,-0.2,0.1,0.5806451612903226
402,18,3,3,3,SR,-0.2,0.1,0.6451612903225806
403,19,3,4,3,SR,-0.2,0.1,0.5161290322580645
404,20,3,5,3,SR,-0.2,0.1,0.41935483870967744
405,21,3,6,3,SR,-0.2,0.1,0.4838709677419355
406,22,3,7,3,SR,-0.2,0.1,0.6129032258064516
407,23,3,8,3,SR,-0.2,0.1,0.6451612903225806
408,24,4,1,3,SR,-0.2,0.1,0.5806451612903226
409,25,4,2,3,SR,-0.2,0.1,0.6451612903225806
410,26,4,3,3,SR,-0.2,0.1,0.4838709677419355
411,27,4,4,3,SR,-0.2,0.1,0.5161290322580645
412,28,4,5,3,SR,-0.2,0.1,0.5483870967741935
413,29,4,6,3,SR,-0.2,0.1,0.5806451612903226
414,30,4,7,3,SR,-0.2,0.1,0.5161290322580645
415,31,4,8,3,SR,-0.2,0.1,0.6451612903225806
416,32,5,1,3,SR,-0.2,0.1,0.5806451612903226
417,33,5,2,3,SR,-0.2,0.1,0.5483870967741935
418,34,5,3,3,SR,-0.2,0.1,0.6451612903225806
419,35,5,4,3,SR,-0.2,0.1,0.6129032258064516
420,36,5,5,3,SR,-0.2,0.1,0.6129032258064516
421,37,5,6,3,SR,-0.2,0.1,0.45161290322580644
422,38,5,7,3,SR,-0.2,0.1,0.5161290322580645
423,39,5,8,3,SR,-0.2,0.1,0.5483870967741935
424,40,6,1,3,SR,-0.2,0.1,0.5483870967741935
425,41,6,2,3,SR,-0.2,0.1,0.6451612903225806
426,42,6,3,3,SR,-0.2,0.1,0.6451612903225806
427,43,6,4,3,SR,-0.2,0.1,0.5161290322580645
428,44,6,5,3,SR,-0.2,0.1,0.5806451612903226
429,45,6,6,3,SR,-0.2,0.1,0.5483870967741935
430,46,6,7,3,SR,-0.2,0.1,0.45161290322580644
431,47,6,8,3,SR,-0.2,0.1,0.5483870967741935
432,48,7,1,3,SR,-0.2,0.1,0.6774193548387096
433,49,7,2,3,SR,-0.2,0.1,0.5161290322580645
434,50,7,3,3,SR,-0.2,0.1,0.6451612903225806
435,51,7,4,3,SR,-0.2,0.1,0.5483870967741935
436,52,7,5,3,SR,-0.2,0.1,0.5806451612903226
437,53,7,6,3,SR,-0.2,0.1,0.41935483870967744
438,54,7,7,3,SR,-0.2,0.1,0.5806451612903226
439,55,7,8,3,SR,-0.2,0.1,0.5161290322580645
440,56,8,1,3,SR,-0.2,0.1,0.7419354838709677
441,57,8,2,3,SR,-0.2,0.1,0.7096774193548387
442,58,8,3,3,SR,-0.2,0.1,0.6129032258064516
443,59,8,4,3,SR,-0.2,0.1,0.5483870967741935
444,60,8,5,3,SR,-0.2,0.1,0.4838709677419355
445,61,8,6,3,SR,-0.2,0.1,0.5806451612903226
446,62,8,7,3,SR,-0.2,0.1,0.45161290322580644
447,63,8,8,3,SR,-0.2,0.1,0.5161290322580645
448,0,1,1,3,SR,-0.1,0.1,0.3870967741935484
449,1,1,2,3,SR,-0.1,0.1,0.4838709677419355
450,2,1,3,3,SR,-0.1,0.1,0.3870967741935484
451,3,1,4,3,SR,-0.1,0.1,0.41935483870967744
452,4,1,5,3,SR,-0.1,0.1,0.5161290322580645
453,5,1,6,3,SR,-0.1,0.1,0.45161290322580644
454,6,1,7,3,SR,-0.1,0.1,0.4838709677419355
455,7,1,8,3,SR,-0.1,0.1,0.5483870967741935
456,8,2,1,3,SR,-0.1,0.1,0.45161290322580644
457,9,2,2,3,SR,-0.1,0.1,0.3870967741935484
458,10,2,3,3,SR,-0.1,0.1,0.5483870967741935
459,11,2,4,3,SR,-0.1,0.1,0.5161290322580645
460,12,2,5,3,SR,-0.1,0.1,0.5806451612903226
461,13,2,6,3,SR,-0.1,0.1,0.6774193548387096
462,14,2,7,3,SR,-0.1,0.1,0.4838709677419355
463,15,2,8,3,SR,-0.1,0.1,0.6129032258064516
464,16,3,1,3,SR,-0.1,0.1,0.6129032258064516
465,17,3,2,3,SR,-0.1,0.1,0.7096774193548387
466,18,3,3,3,SR,-0.1,0.1,0.5806451612903226
467,19,3,4,3,SR,-0.1,0.1,0.6451612903225806
468,20,3,5,3,SR,-0.1,0.1,0.5483870967741935
469,21,3,6,3,SR,-0.1,0.1,0.5161290322580645
470,22,3,7,3,SR,-0.1,0.1,0.45161290322580644
471,23,3,8,3,SR,-0.1,0.1,0.4838709677419355
472,24,4,1,3,SR,-0.1,0.1,0.41935483870967744
473,25,4,2,3,SR,-0.1,0.1,0.5161290322580645
474,26,4,3,3,SR,-0.1,0.1,0.6451612903225806
475,27,4,4,3,SR,-0.1,0.1,0.6129032258064516
476,28,4,5,3,SR,-0.1,0.1,0.6451612903225806
477,29,4,6,3,SR,-0.1,0.1,0.6129032258064516
478,30,4,7,3,SR,-0.1,0.1,0.5806451612903226
479,31,4,8,3,SR,-0.1,0.1,0.5483870967741935
480,32,5,1,3,SR,-0.1,0.1,0.5161290322580645
481,33,5,2,3,SR,-0.1,0.1,0.5483870967741935
482,34,5,3,3,SR,-0.1,0.1,0.4838709677419355
483,35,5,4,3,SR,-0.1,0.1,0.5483870967741935
484,36,5,5,3,SR,-0.1,0.1,0.5806451612903226
485,37,5,6,3,SR,-0.1,0.1,0.6774193548387096
486,38,5,7,3,SR,-0.1,0.1,0.6451612903225806
487,39,5,8,3,SR,-0.1,0.1,0.6129032258064516
488,40,6,1,3,SR,-0.1,0.1,0.5483870967741935
489,41,6,2,3,SR,-0.1,0.1,0.5161290322580645
490,42,6,3,3,SR,-0.1,0.1,0.5483870967741935
491,43,6,4,3,SR,-0.1,0.1,0.5483870967741935
492,44,6,5,3,SR,-0.1,0.1,0.4838709677419355
493,45,6,6,3,SR,-0.1,0.1,0.7096774193548387
494,46,6,7,3,SR,-0.1,0.1,0.5161290322580645
495,47,6,8,3,SR,-0.1,0.1,0.4838709677419355
496,48,7,1,3,SR,-0.1,0.1,0.6129032258064516
497,49,7,2,3,SR,-0.1,0.1,0.5161290322580645
498,50,7,3,3,SR,-0.1,0.1,0.5483870967741935
499,51,7,4,3,SR,-0.1,0.1,0.5161290322580645
500,52,7,5,3,SR,-0.1,0.1,0.5161290322580645
501,53,7,6,3,SR,-0.1,0.1,0.5806451612903226
502,54,7,7,3,SR,-0.1,0.1,0.5483870967741935
503,55,7,8,3,SR,-0.1,0.1,0.5483870967741935
504,56,8,1,3,SR,-0.1,0.1,0.7096774193548387
505,57,8,2,3,SR,-0.1,0.1,0.5483870967741935
506,58,8,3,3,SR,-0.1,0.1,0.3548387096774194
507,59,8,4,3,SR,-0.1,0.1,0.6451612903225806
508,60,8,5,3,SR,-0.1,0.1,0.6129032258064516
509,61,8,6,3,SR,-0.1,0.1,0.6451612903225806
510,62,8,7,3,SR,-0.1,0.1,0.6451612903225806
511,63,8,8,3,SR,-0.1,0.1,0.4838709677419355
512,0,1,1,3,SR,0.0,0.1,0.5806451612903226
513,1,1,2,3,SR,0.0,0.1,0.5806451612903226
514,2,1,3,3,SR,0.0,0.1,0.6774193548387096
515,3,1,4,3,SR,0.0,0.1,0.5161290322580645
516,4,1,5,3,SR,0.0,0.1,0.6129032258064516
517,5,1,6,3,SR,0.0,0.1,0.5806451612903226
518,6,1,7,3,SR,0.0,0.1,0.8387096774193549
519,7,1,8,3,SR,0.0,0.1,0.7419354838709677
520,8,2,1,3,SR,0.0,0.1,0.6451612903225806
521,9,2,2,3,SR,0.0,0.1,0.6451612903225806
522,10,2,3,3,SR,0.0,0.1,0.7096774193548387
523,11,2,4,3,SR,0.0,0.1,0.4838709677419355
524,12,2,5,3,SR,0.0,0.1,0.5161290322580645
525,13,2,6,3,SR,0.0,0.1,0.6129032258064516
526,14,2,7,3,SR,0.0,0.1,0.5806451612903226
527,15,2,8,3,SR,0.0,0.1,0.6451612903225806
528,16,3,1,3,SR,0.0,0.1,0.5483870967741935
529,17,3,2,3,SR,0.0,0.1,0.6774193548387096
530,18,3,3,3,SR,0.0,0.1,0.6129032258064516
531,19,3,4,3,SR,0.0,0.1,0.5806451612903226
532,20,3,5,3,SR,0.0,0.1,0.5161290322580645
533,21,3,6,3,SR,0.0,0.1,0.5806451612903226
534,22,3,7,3,SR,0.0,0.1,0.6129032258064516
535,23,3,8,3,SR,0.0,0.1,0.6129032258064516
536,24,4,1,3,SR,0.0,0.1,0.5161290322580645
537,25,4,2,3,SR,0.0,0.1,0.6774193548387096
538,26,4,3,3,SR,0.0,0.1,0.6129032258064516
539,27,4,4,3,SR,0.0,0.1,0.7096774193548387
540,28,4,5,3,SR,0.0,0.1,0.6451612903225806
541,29,4,6,3,SR,0.0,0.1,0.5806451612903226
542,30,4,7,3,SR,0.0,0.1,0.6451612903225806
543,31,4,8,3,SR,0.0,0.1,0.6451612903225806
544,32,5,1,3,SR,0.0,0.1,0.5806451612903226
545,33,5,2,3,SR,0.0,0.1,0.6451612903225806
546,34,5,3,3,SR,0.0,0.1,0.6774193548387096
547,35,5,4,3,SR,0.0,0.1,0.6774193548387096
548,36,5,5,3,SR,0.0,0.1,0.6451612903225806
549,37,5,6,3,SR,0.0,0.1,0.4838709677419355
550,38,5,7,3,SR,0.0,0.1,0.6129032258064516
551,39,5,8,3,SR,0.0,0.1,0.6451612903225806
552,40,6,1,3,SR,0.0,0.1,0.6451612903225806
553,41,6,2,3,SR,0.0,0.1,0.6774193548387096
554,42,6,3,3,SR,0.0,0.1,0.7419354838709677
555,43,6,4,3,SR,0.0,0.1,0.7096774193548387
556,44,6,5,3,SR,0.0,0.1,0.6451612903225806
557,45,6,6,3,SR,0.0,0.1,0.4838709677419355
558,46,6,7,3,SR,0.0,0.1,0.5483870967741935
559,47,6,8,3,SR,0.0,0.1,0.7741935483870968
560,48,7,1,3,SR,0.0,0.1,0.8064516129032258
561,49,7,2,3,SR,0.0,0.1,0.8064516129032258
562,50,7,3,3,SR,0.0,0.1,0.7096774193548387
563,51,7,4,3,SR,0.0,0.1,0.5483870967741935
564,52,7,5,3,SR,0.0,0.1,0.5806451612903226
565,53,7,6,3,SR,0.0,0.1,0.5483870967741935
566,54,7,7,3,SR,0.0,0.1,0.45161290322580644
567,55,7,8,3,SR,0.0,0.1,0.6451612903225806
568,56,8,1,3,SR,0.0,0.1,0.7419354838709677
569,57,8,2,3,SR,0.0,0.1,0.7741935483870968
570,58,8,3,3,SR,0.0,0.1,0.5161290322580645
571,59,8,4,3,SR,0.0,0.1,0.7096774193548387
572,60,8,5,3,SR,0.0,0.1,0.7419354838709677
573,61,8,6,3,SR,0.0,0.1,0.8064516129032258
574,62,8,7,3,SR,0.0,0.1,0.7096774193548387
575,63,8,8,3,SR,0.0,0.1,0.5806451612903226
576,0,1,1,3,SR,0.1,0.1,0.5806451612903226
577,1,1,2,3,SR,0.1,0.1,0.5483870967741935
578,2,1,3,3,SR,0.1,0.1,0.4838709677419355
579,3,1,4,3,SR,0.1,0.1,0.4838709677419355
580,4,1,5,3,SR,0.1,0.1,0.3870967741935484
581,5,1,6,3,SR,0.1,0.1,0.41935483870967744
582,6,1,7,3,SR,0.1,0.1,0.6129032258064516
583,7,1,8,3,SR,0.1,0.1,0.6774193548387096
584,8,2,1,3,SR,0.1,0.1,0.5161290322580645
585,9,2,2,3,SR,0.1,0.1,0.6774193548387096
586,10,2,3,3,SR,0.1,0.1,0.4838709677419355
587,11,2,4,3,SR,0.1,0.1,0.6129032258064516
588,12,2,5,3,SR,0.1,0.1,0.5161290322580645
589,13,2,6,3,SR,0.1,0.1,0.41935483870967744
590,14,2,7,3,SR,0.1,0.1,0.5806451612903226
591,15,2,8,3,SR,0.1,0.1,0.45161290322580644
592,16,3,1,3,SR,0.1,0.1,0.4838709677419355
593,17,3,2,3,SR,0.1,0.1,0.6774193548387096
594,18,3,3,3,SR,0.1,0.1,0.5806451612903226
595,19,3,4,3,SR,0.1,0.1,0.6129032258064516
596,20,3,5,3,SR,0.1,0.1,0.4838709677419355
597,21,3,6,3,SR,0.1,0.1,0.3870967741935484
598,22,3,7,3,SR,0.1,0.1,0.45161290322580644
599,23,3,8,3,SR,0.1,0.1,0.6129032258064516
600,24,4,1,3,SR,0.1,0.1,0.6129032258064516
601,25,4,2,3,SR,0.1,0.1,0.5806451612903226
602,26,4,3,3,SR,0.1,0.1,0.5483870967741935
603,27,4,4,3,SR,0.1,0.1,0.5483870967741935
604,28,4,5,3,SR,0.1,0.1,0.6774193548387096
605,29,4,6,3,SR,0.1,0.1,0.5161290322580645
606,30,4,7,3,SR,0.1,0.1,0.5806451612903226
607,31,4,8,3,SR,0.1,0.1,0.6129032258064516
608,32,5,1,3,SR,0.1,0.1,0.6129032258064516
609,33,5,2,3,SR,0.1,0.1,0.45161290322580644
610,34,5,3,3,SR,0.1,0.1,0.5806451612903226
611,35,5,4,3,SR,0.1,0.1,0.5806451612903226
612,36,5,5,3,SR,0.1,0.1,0.6451612903225806
613,37,5,6,3,SR,0.1,0.1,0.45161290322580644
614,38,5,7,3,SR,0.1,0.1,0.6129032258064516
615,39,5,8,3,SR,0.1,0.1,0.7096774193548387
616,40,6,1,3,SR,0.1,0.1,0.7741935483870968
617,41,6,2,3,SR,0.1,0.1,0.6129032258064516
618,42,6,3,3,SR,0.1,0.1,0.6129032258064516
619,43,6,4,3,SR,0.1,0.1,0.5483870967741935
620,44,6,5,3,SR,0.1,0.1,0.6451612903225806
621,45,6,6,3,SR,0.1,0.1,0.5806451612903226
622,46,6,7,3,SR,0.1,0.1,0.6774193548387096
623,47,6,8,3,SR,0.1,0.1,0.7096774193548387
624,48,7,1,3,SR,0.1,0.1,0.7741935483870968
625,49,7,2,3,SR,0.1,0.1,0.7741935483870968
626,50,7,3,3,SR,0.1,0.1,0.6451612903225806
627,51,7,4,3,SR,0.1,0.1,0.5806451612903226
628,52,7,5,3,SR,0.1,0.1,0.6451612903225806
629,53,7,6,3,SR,0.1,0.1,0.6451612903225806
630,54,7,7,3,SR,0.1,0.1,0.7096774193548387
631,55,7,8,3,SR,0.1,0.1,0.8064516129032258
632,56,8,1,3,SR,0.1,0.1,0.8387096774193549
633,57,8,2,3,SR,0.1,0.1,0.7419354838709677
634,58,8,3,3,SR,0.1,0.1,0.6129032258064516
635,59,8,4,3,SR,0.1,0.1,0.9032258064516129
636,60,8,5,3,SR,0.1,0.1,0.8064516129032258
637,61,8,6,3,SR,0.1,0.1,0.8064516129032258
638,62,8,7,3,SR,0.1,0.1,0.6774193548387096
639,63,8,8,3,SR,0.1,0.1,0.7096774193548387
640,0,1,1,3,SR,0.2,0.1,0.6774193548387096
641,1,1,2,3,SR,0.2,0.1,0.5483870967741935
642,2,1,3,3,SR,0.2,0.1,0.45161290322580644
643,3,1,4,3,SR,0.2,0.1,0.4838709677419355
644,4,1,5,3,SR,0.2,0.1,0.5483870967741935
645,5,1,6,3,SR,0.2,0.1,0.5483870967741935
646,6,1,7,3,SR,0.2,0.1,0.8064516129032258
647,7,1,8,3,SR,0.2,0.1,0.7096774193548387
648,8,2,1,3,SR,0.2,0.1,0.5161290322580645
649,9,2,2,3,SR,0.2,0.1,0.45161290322580644
650,10,2,3,3,SR,0.2,0.1,0.5161290322580645
651,11,2,4,3,SR,0.2,0.1,0.45161290322580644
652,12,2,5,3,SR,0.2,0.1,0.6129032258064516
653,13,2,6,3,SR,0.2,0.1,0.6451612903225806
654,14,2,7,3,SR,0.2,0.1,0.6774193548387096
655,15,2,8,3,SR,0.2,0.1,0.6451612903225806
656,16,3,1,3,SR,0.2,0.1,0.6774193548387096
657,17,3,2,3,SR,0.2,0.1,0.45161290322580644
658,18,3,3,3,SR,0.2,0.1,0.45161290322580644
659,19,3,4,3,SR,0.2,0.1,0.5483870967741935
660,20,3,5,3,SR,0.2,0.1,0.6129032258064516
661,21,3,6,3,SR,0.2,0.1,0.5483870967741935
662,22,3,7,3,SR,0.2,0.1,0.7096774193548387
663,23,3,8,3,SR,0.2,0.1,0.6774193548387096
664,24,4,1,3,SR,0.2,0.1,0.7741935483870968
665,25,4,2,3,SR,0.2,0.1,0.3870967741935484
666,26,4,3,3,SR,0.2,0.1,0.5161290322580645
667,27,4,4,3,SR,0.2,0.1,0.7096774193548387
668,28,4,5,3,SR,0.2,0.1,0.6774193548387096
669,29,4,6,3,SR,0.2,0.1,0.6129032258064516
670,30,4,7,3,SR,0.2,0.1,0.6774193548387096
671,31,4,8,3,SR,0.2,0.1,0.6774193548387096
672,32,5,1,3,SR,0.2,0.1,0.5806451612903226
673,33,5,2,3,SR,0.2,0.1,0.3870967741935484
674,34,5,3,3,SR,0.2,0.1,0.3548387096774194
675,35,5,4,3,SR,0.2,0.1,0.5806451612903226
676,36,5,5,3,SR,0.2,0.1,0.6451612903225806
677,37,5,6,3,SR,0.2,0.1,0.5806451612903226
678,38,5,7,3,SR,0.2,0.1,0.8064516129032258
679,39,5,8,3,SR,0.2,0.1,0.8709677419354839
680,40,6,1,3,SR,0.2,0.1,0.6129032258064516
681,41,6,2,3,SR,0.2,0.1,0.4838709677419355
682,42,6,3,3,SR,0.2,0.1,0.5806451612903226
683,43,6,4,3,SR,0.2,0.1,0.6451612903225806
684,44,6,5,3,SR,0.2,0.1,0.7096774193548387
685,45,6,6,3,SR,0.2,0.1,0.6451612903225806
686,46,6,7,3,SR,0.2,0.1,0.5483870967741935
687,47,6,8,3,SR,0.2,0.1,0.6129032258064516
688,48,7,1,3,SR,0.2,0.1,0.6774193548387096
689,49,7,2,3,SR,0.2,0.1,0.5483870967741935
690,50,7,3,3,SR,0.2,0.1,0.5806451612903226
691,51,7,4,3,SR,0.2,0.1,0.5483870967741935
692,52,7,5,3,SR,0.2,0.1,0.6774193548387096
693,53,7,6,3,SR,0.2,0.1,0.7741935483870968
694,54,7,7,3,SR,0.2,0.1,0.8064516129032258
695,55,7,8,3,SR,0.2,0.1,0.7419354838709677
696,56,8,1,3,SR,0.2,0.1,0.8064516129032258
697,57,8,2,3,SR,0.2,0.1,0.8064516129032258
698,58,8,3,3,SR,0.2,0.1,0.6774193548387096
699,59,8,4,3,SR,0.2,0.1,0.7419354838709677
700,60,8,5,3,SR,0.2,0.1,0.8387096774193549
701,61,8,6,3,SR,0.2,0.1,0.7741935483870968
702,62,8,7,3,SR,0.2,0.1,0.7096774193548387
703,63,8,8,3,SR,0.2,0.1,0.7096774193548387
704,0,1,1,3,SR,0.3,0.1,0.6451612903225806
705,1,1,2,3,SR,0.3,0.1,0.5161290322580645
706,2,1,3,3,SR,0.3,0.1,0.5806451612903226
707,3,1,4,3,SR,0.3,0.1,0.4838709677419355
708,4,1,5,3,SR,0.3,0.1,0.5161290322580645
709,5,1,6,3,SR,0.3,0.1,0.5161290322580645
710,6,1,7,3,SR,0.3,0.1,0.4838709677419355
711,7,1,8,3,SR,0.3,0.1,0.5161290322580645
712,8,2,1,3,SR,0.3,0.1,0.6129032258064516
713,9,2,2,3,SR,0.3,0.1,0.6774193548387096
714,10,2,3,3,SR,0.3,0.1,0.45161290322580644
715,11,2,4,3,SR,0.3,0.1,0.5483870967741935
716,12,2,5,3,SR,0.3,0.1,0.4838709677419355
717,13,2,6,3,SR,0.3,0.1,0.5161290322580645
718,14,2,7,3,SR,0.3,0.1,0.5161290322580645
719,15,2,8,3,SR,0.3,0.1,0.4838709677419355
720,16,3,1,3,SR,0.3,0.1,0.6774193548387096
721,17,3,2,3,SR,0.3,0.1,0.6774193548387096
722,18,3,3,3,SR,0.3,0.1,0.5806451612903226
723,19,3,4,3,SR,0.3,0.1,0.45161290322580644
724,20,3,5,3,SR,0.3,0.1,0.5483870967741935
725,21,3,6,3,SR,0.3,0.1,0.5483870967741935
726,22,3,7,3,SR,0.3,0.1,0.6451612903225806
727,23,3,8,3,SR,0.3,0.1,0.45161290322580644
728,24,4,1,3,SR,0.3,0.1,0.6451612903225806
729,25,4,2,3,SR,0.3,0.1,0.6451612903225806
730,26,4,3,3,SR,0.3,0.1,0.3870967741935484
731,27,4,4,3,SR,0.3,0.1,0.4838709677419355
732,28,4,5,3,SR,0.3,0.1,0.5806451612903226
733,29,4,6,3,SR,0.3,0.1,0.5483870967741935
734,30,4,7,3,SR,0.3,0.1,0.5161290322580645
735,31,4,8,3,SR,0.3,0.1,0.5161290322580645
736,32,5,1,3,SR,0.3,0.1,0.5483870967741935
737,33,5,2,3,SR,0.3,0.1,0.6129032258064516
738,34,5,3,3,SR,0.3,0.1,0.5161290322580645
739,35,5,4,3,SR,0.3,0.1,0.4838709677419355
740,36,5,5,3,SR,0.3,0.1,0.5161290322580645
741,37,5,6,3,SR,0.3,0.1,0.45161290322580644
742,38,5,7,3,SR,0.3,0.1,0.45161290322580644
743,39,5,8,3,SR,0.3,0.1,0.6451612903225806
744,40,6,1,3,SR,0.3,0.1,0.6129032258064516
745,41,6,2,3,SR,0.3,0.1,0.5806451612903226
746,42,6,3,3,SR,0.3,0.1,0.45161290322580644
747,43,6,4,3,SR,0.3,0.1,0.5161290322580645
748,44,6,5,3,SR,0.3,0.1,0.5483870967741935
749,45,6,6,3,SR,0.3,0.1,0.3870967741935484
750,46,6,7,3,SR,0.3,0.1,0.5806451612903226
751,47,6,8,3,SR,0.3,0.1,0.7741935483870968
752,48,7,1,3,SR,0.3,0.1,0.6451612903225806
753,49,7,2,3,SR,0.3,0.1,0.5483870967741935
754,50,7,3,3,SR,0.3,0.1,0.7096774193548387
755,51,7,4,3,SR,0.3,0.1,0.6129032258064516
756,52,7,5,3,SR,0.3,0.1,0.7096774193548387
757,53,7,6,3,SR,0.3,0.1,0.6451612903225806
758,54,7,7,3,SR,0.3,0.1,0.7419354838709677
759,55,7,8,3,SR,0.3,0.1,0.7419354838709677
760,56,8,1,3,SR,0.3,0.1,0.8709677419354839
761,57,8,2,3,SR,0.3,0.1,0.9032258064516129
762,58,8,3,3,SR,0.3,0.1,0.6129032258064516
763,59,8,4,3,SR,0.3,0.1,0.7741935483870968
764,60,8,5,3,SR,0.3,0.1,0.8709677419354839
765,61,8,6,3,SR,0.3,0.1,0.7419354838709677
766,62,8,7,3,SR,0.3,0.1,0.6774193548387096
767,63,8,8,3,SR,0.3,0.1,0.5806451612903226
768,0,1,1,3,SR,0.4,0.1,0.7741935483870968
769,1,1,2,3,SR,0.4,0.1,0.5161290322580645
770,2,1,3,3,SR,0.4,0.1,0.5806451612903226
771,3,1,4,3,SR,0.4,0.1,0.45161290322580644
772,4,1,5,3,SR,0.4,0.1,0.5806451612903226
773,5,1,6,3,SR,0.4,0.1,0.3225806451612903
774,6,1,7,3,SR,0.4,0.1,0.5806451612903226
775,7,1,8,3,SR,0.4,0.1,0.5806451612903226
776,8,2,1,3,SR,0.4,0.1,0.6129032258064516
777,9,2,2,3,SR,0.4,0.1,0.4838709677419355
778,10,2,3,3,SR,0.4,0.1,0.5161290322580645
779,11,2,4,3,SR,0.4,0.1,0.5806451612903226
780,12,2,5,3,SR,0.4,0.1,0.6129032258064516
781,13,2,6,3,SR,0.4,0.1,0.5161290322580645
782,14,2,7,3,SR,0.4,0.1,0.5483870967741935
783,15,2,8,3,SR,0.4,0.1,0.5161290322580645
784,16,3,1,3,SR,0.4,0.1,0.7741935483870968
785,17,3,2,3,SR,0.4,0.1,0.5806451612903226
786,18,3,3,3,SR,0.4,0.1,0.7096774193548387
787,19,3,4,3,SR,0.4,0.1,0.6451612903225806
788,20,3,5,3,SR,0.4,0.1,0.6129032258064516
789,21,3,6,3,SR,0.4,0.1,0.5483870967741935
790,22,3,7,3,SR,0.4,0.1,0.45161290322580644
791,23,3,8,3,SR,0.4,0.1,0.7096774193548387
792,24,4,1,3,SR,0.4,0.1,0.5806451612903226
793,25,4,2,3,SR,0.4,0.1,0.5161290322580645
794,26,4,3,3,SR,0.4,0.1,0.4838709677419355
795,27,4,4,3,SR,0.4,0.1,0.7419354838709677
796,28,4,5,3,SR,0.4,0.1,0.6451612903225806
797,29,4,6,3,SR,0.4,0.1,0.6129032258064516
798,30,4,7,3,SR,0.4,0.1,0.5161290322580645
799,31,4,8,3,SR,0.4,0.1,0.6129032258064516
800,32,5,1,3,SR,0.4,0.1,0.5161290322580645
801,33,5,2,3,SR,0.4,0.1,0.5161290322580645
802,34,5,3,3,SR,0.4,0.1,0.41935483870967744
803,35,5,4,3,SR,0.4,0.1,0.5483870967741935
804,36,5,5,3,SR,0.4,0.1,0.6129032258064516
805,37,5,6,3,SR,0.4,0.1,0.6774193548387096
806,38,5,7,3,SR,0.4,0.1,0.5483870967741935
807,39,5,8,3,SR,0.4,0.1,0.6774193548387096
808,40,6,1,3,SR,0.4,0.1,0.41935483870967744
809,41,6,2,3,SR,0.4,0.1,0.41935483870967744
810,42,6,3,3,SR,0.4,0.1,0.5806451612903226
811,43,6,4,3,SR,0.4,0.1,0.6451612903225806
812,44,6,5,3,SR,0.4,0.1,0.5161290322580645
813,45,6,6,3,SR,0.4,0.1,0.5161290322580645
814,46,6,7,3,SR,0.4,0.1,0.5806451612903226
815,47,6,8,3,SR,0.4,0.1,0.5161290322580645
816,48,7,1,3,SR,0.4,0.1,0.5806451612903226
817,49,7,2,3,SR,0.4,0.1,0.5161290322580645
818,50,7,3,3,SR,0.4,0.1,0.7419354838709677
819,51,7,4,3,SR,0.4,0.1,0.6774193548387096
820,52,7,5,3,SR,0.4,0.1,0.8709677419354839
821,53,7,6,3,SR,0.4,0.1,0.7419354838709677
822,54,7,7,3,SR,0.4,0.1,0.5806451612903226
823,55,7,8,3,SR,0.4,0.1,0.5483870967741935
824,56,8,1,3,SR,0.4,0.1,0.7096774193548387
825,57,8,2,3,SR,0.4,0.1,0.8387096774193549
826,58,8,3,3,SR,0.4,0.1,0.8064516129032258
827,59,8,4,3,SR,0.4,0.1,0.8709677419354839
828,60,8,5,3,SR,0.4,0.1,0.7096774193548387
829,61,8,6,3,SR,0.4,0.1,0.6451612903225806
830,62,8,7,3,SR,0.4,0.1,0.5483870967741935
831,63,8,8,3,SR,0.4,0.1,0.5483870967741935
832,0,1,1,3,SR,0.5,0.1,0.5483870967741935
833,1,1,2,3,SR,0.5,0.1,0.3548387096774194
834,2,1,3,3,SR,0.5,0.1,0.41935483870967744
835,3,1,4,3,SR,0.5,0.1,0.6129032258064516
836,4,1,5,3,SR,0.5,0.1,0.4838709677419355
837,5,1,6,3,SR,0.5,0.1,0.3870967741935484
838,6,1,7,3,SR,0.5,0.1,0.6129032258064516
839,7,1,8,3,SR,0.5,0.1,0.4838709677419355
840,8,2,1,3,SR,0.5,0.1,0.3870967741935484
841,9,2,2,3,SR,0.5,0.1,0.41935483870967744
842,10,2,3,3,SR,0.5,0.1,0.4838709677419355
843,11,2,4,3,SR,0.5,0.1,0.6774193548387096
844,12,2,5,3,SR,0.5,0.1,0.6129032258064516
845,13,2,6,3,SR,0.5,0.1,0.6129032258064516
846,14,2,7,3,SR,0.5,0.1,0.5483870967741935
847,15,2,8,3,SR,0.5,0.1,0.5806451612903226
848,16,3,1,3,SR,0.5,0.1,0.45161290322580644
849,17,3,2,3,SR,0.5,0.1,0.45161290322580644
850,18,3,3,3,SR,0.5,0.1,0.41935483870967744
851,19,3,4,3,SR,0.5,0.1,0.5161290322580645
852,20,3,5,3,SR,0.5,0.1,0.5806451612903226
853,21,3,6,3,SR,0.5,0.1,0.5483870967741935
854,22,3,7,3,SR,0.5,0.1,0.5483870967741935
855,23,3,8,3,SR,0.5,0.1,0.45161290322580644
856,24,4,1,3,SR,0.5,0.1,0.3225806451612903
857,25,4,2,3,SR,0.5,0.1,0.45161290322580644
858,26,4,3,3,SR,0.5,0.1,0.3548387096774194
859,27,4,4,3,SR,0.5,0.1,0.7419354838709677
860,28,4,5,3,SR,0.5,0.1,0.5161290322580645
861,29,4,6,3,SR,0.5,0.1,0.6129032258064516
862,30,4,7,3,SR,0.5,0.1,0.3870967741935484
863,31,4,8,3,SR,0.5,0.1,0.4838709677419355
864,32,5,1,3,SR,0.5,0.1,0.5161290322580645
865,33,5,2,3,SR,0.5,0.1,0.5161290322580645
866,34,5,3,3,SR,0.5,0.1,0.3225806451612903
867,35,5,4,3,SR,0.5,0.1,0.6129032258064516
868,36,5,5,3,SR,0.5,0.1,0.5161290322580645
869,37,5,6,3,SR,0.5,0.1,0.41935483870967744
870,38,5,7,3,SR,0.5,0.1,0.3225806451612903
871,39,5,8,3,SR,0.5,0.1,0.6774193548387096
872,40,6,1,3,SR,0.5,0.1,0.41935483870967744
873,41,6,2,3,SR,0.5,0.1,0.5161290322580645
874,42,6,3,3,SR,0.5,0.1,0.3870967741935484
875,43,6,4,3,SR,0.5,0.1,0.5161290322580645
876,44,6,5,3,SR,0.5,0.1,0.3870967741935484
877,45,6,6,3,SR,0.5,0.1,0.3548387096774194
878,46,6,7,3,SR,0.5,0.1,0.45161290322580644
879,47,6,8,3,SR,0.5,0.1,0.6129032258064516
880,48,7,1,3,SR,0.5,0.1,0.5806451612903226
881,49,7,2,3,SR,0.5,0.1,0.4838709677419355
882,50,7,3,3,SR,0.5,0.1,0.4838709677419355
883,51,7,4,3,SR,0.5,0.1,0.5161290322580645
884,52,7,5,3,SR,0.5,0.1,0.4838709677419355
885,53,7,6,3,SR,0.5,0.1,0.6774193548387096
886,54,7,7,3,SR,0.5,0.1,0.5483870967741935
887,55,7,8,3,SR,0.5,0.1,0.5806451612903226
888,56,8,1,3,SR,0.5,0.1,0.8064516129032258
889,57,8,2,3,SR,0.5,0.1,0.7741935483870968
890,58,8,3,3,SR,0.5,0.1,0.6129032258064516
891,59,8,4,3,SR,0.5,0.1,0.6451612903225806
892,60,8,5,3,SR,0.5,0.1,0.5806451612903226
893,61,8,6,3,SR,0.5,0.1,0.6129032258064516
894,62,8,7,3,SR,0.5,0.1,0.5483870967741935
895,63,8,8,3,SR,0.5,0.1,0.6451612903225806
896,0,1,1,3,SR,0.6,0.1,0.4838709677419355
897,1,1,2,3,SR,0.6,0.1,0.4838709677419355
898,2,1,3,3,SR,0.6,0.1,0.4838709677419355
899,3,1,4,3,SR,0.6,0.1,0.5161290322580645
900,4,1,5,3,SR,0.6,0.1,0.45161290322580644
901,5,1,6,3,SR,0.6,0.1,0.3870967741935484
902,6,1,7,3,SR,0.6,0.1,0.3870967741935484
903,7,1,8,3,SR,0.6,0.1,0.4838709677419355
904,8,2,1,3,SR,0.6,0.1,0.4838709677419355
905,9,2,2,3,SR,0.6,0.1,0.5806451612903226
906,10,2,3,3,SR,0.6,0.1,0.5483870967741935
907,11,2,4,3,SR,0.6,0.1,0.6774193548387096
908,12,2,5,3,SR,0.6,0.1,0.41935483870967744
909,13,2,6,3,SR,0.6,0.1,0.5161290322580645
910,14,2,7,3,SR,0.6,0.1,0.4838709677419355
911,15,2,8,3,SR,0.6,0.1,0.45161290322580644
912,16,3,1,3,SR,0.6,0.1,0.6451612903225806
913,17,3,2,3,SR,0.6,0.1,0.4838709677419355
914,18,3,3,3,SR,0.6,0.1,0.6129032258064516
915,19,3,4,3,SR,0.6,0.1,0.5161290322580645
916,20,3,5,3,SR,0.6,0.1,0.5483870967741935
917,21,3,6,3,SR,0.6,0.1,0.5161290322580645
918,22,3,7,3,SR,0.6,0.1,0.4838709677419355
919,23,3,8,3,SR,0.6,0.1,0.45161290322580644
920,24,4,1,3,SR,0.6,0.1,0.5806451612903226
921,25,4,2,3,SR,0.6,0.1,0.4838709677419355
922,26,4,3,3,SR,0.6,0.1,0.5161290322580645
923,27,4,4,3,SR,0.6,0.1,0.6129032258064516
924,28,4,5,3,SR,0.6,0.1,0.6451612903225806
925,29,4,6,3,SR,0.6,0.1,0.5806451612903226
926,30,4,7,3,SR,0.6,0.1,0.41935483870967744
927,31,4,8,3,SR,0.6,0.1,0.4838709677419355
928,32,5,1,3,SR,0.6,0.1,0.45161290322580644
929,33,5,2,3,SR,0.6,0.1,0.5161290322580645
930,34,5,3,3,SR,0.6,0.1,0.6129032258064516
931,35,5,4,3,SR,0.6,0.1,0.6129032258064516
932,36,5,5,3,SR,0.6,0.1,0.5806451612903226
933,37,5,6,3,SR,0.6,0.1,0.5483870967741935
934,38,5,7,3,SR,0.6,0.1,0.41935483870967744
935,39,5,8,3,SR,0.6,0.1,0.6129032258064516
936,40,6,1,3,SR,0.6,0.1,0.45161290322580644
937,41,6,2,3,SR,0.6,0.1,0.4838709677419355
938,42,6,3,3,SR,0.6,0.1,0.3870967741935484
939,43,6,4,3,SR,0.6,0.1,0.4838709677419355
940,44,6,5,3,SR,0.6,0.1,0.5806451612903226
941,45,6,6,3,SR,0.6,0.1,0.6774193548387096
942,46,6,7,3,SR,0.6,0.1,0.4838709677419355
943,47,6,8,3,SR,0.6,0.1,0.5806451612903226
944,48,7,1,3,SR,0.6,0.1,0.5806451612903226
945,49,7,2,3,SR,0.6,0.1,0.5161290322580645
946,50,7,3,3,SR,0.6,0.1,0.5483870967741935
947,51,7,4,3,SR,0.6,0.1,0.6129032258064516
948,52,7,5,3,SR,0.6,0.1,0.6451612903225806
949,53,7,6,3,SR,0.6,0.1,0.5483870967741935
950,54,7,7,3,SR,0.6,0.1,0.5483870967741935
951,55,7,8,3,SR,0.6,0.1,0.5806451612903226
952,56,8,1,3,SR,0.6,0.1,0.8064516129032258
953,57,8,2,3,SR,0.6,0.1,0.8387096774193549
954,58,8,3,3,SR,0.6,0.1,0.7096774193548387
955,59,8,4,3,SR,0.6,0.1,0.6774193548387096
956,60,8,5,3,SR,0.6,0.1,0.6451612903225806
957,61,8,6,3,SR,0.6,0.1,0.5161290322580645
958,62,8,7,3,SR,0.6,0.1,0.5483870967741935
959,63,8,8,3,SR,0.6,0.1,0.6451612903225806
960,0,1,1,3,SR,0.7,0.1,0.5161290322580645
961,1,1,2,3,SR,0.7,0.1,0.45161290322580644
962,2,1,3,3,SR,0.7,0.1,0.4838709677419355
963,3,1,4,3,SR,0.7,0.1,0.3548387096774194
964,4,1,5,3,SR,0.7,0.1,0.41935483870967744
965,5,1,6,3,SR,0.7,0.1,0.5483870967741935
966,6,1,7,3,SR,0.7,0.1,0.6774193548387096
967,7,1,8,3,SR,0.7,0.1,0.6129032258064516
968,8,2,1,3,SR,0.7,0.1,0.5483870967741935
969,9,2,2,3,SR,0.7,0.1,0.45161290322580644
970,10,2,3,3,SR,0.7,0.1,0.5806451612903226
971,11,2,4,3,SR,0.7,0.1,0.5161290322580645
972,12,2,5,3,SR,0.7,0.1,0.45161290322580644
973,13,2,6,3,SR,0.7,0.1,0.5161290322580645
974,14,2,7,3,SR,0.7,0.1,0.6774193548387096
975,15,2,8,3,SR,0.7,0.1,0.6129032258064516
976,16,3,1,3,SR,0.7,0.1,0.6451612903225806
977,17,3,2,3,SR,0.7,0.1,0.5161290322580645
978,18,3,3,3,SR,0.7,0.1,0.6451612903225806
979,19,3,4,3,SR,0.7,0.1,0.5161290322580645
980,20,3,5,3,SR,0.7,0.1,0.5161290322580645
981,21,3,6,3,SR,0.7,0.1,0.5806451612903226
982,22,3,7,3,SR,0.7,0.1,0.5806451612903226
983,23,3,8,3,SR,0.7,0.1,0.5483870967741935
984,24,4,1,3,SR,0.7,0.1,0.5483870967741935
985,25,4,2,3,SR,0.7,0.1,0.6129032258064516
986,26,4,3,3,SR,0.7,0.1,0.6451612903225806
987,27,4,4,3,SR,0.7,0.1,0.6129032258064516
988,28,4,5,3,SR,0.7,0.1,0.6129032258064516
989,29,4,6,3,SR,0.7,0.1,0.5483870967741935
990,30,4,7,3,SR,0.7,0.1,0.6129032258064516
991,31,4,8,3,SR,0.7,0.1,0.5161290322580645
992,32,5,1,3,SR,0.7,0.1,0.6774193548387096
993,33,5,2,3,SR,0.7,0.1,0.5161290322580645
994,34,5,3,3,SR,0.7,0.1,0.5483870967741935
995,35,5,4,3,SR,0.7,0.1,0.5806451612903226
996,36,5,5,3,SR,0.7,0.1,0.7096774193548387
997,37,5,6,3,SR,0.7,0.1,0.6774193548387096
998,38,5,7,3,SR,0.7,0.1,0.5161290322580645
999,39,5,8,3,SR,0.7,0.1,0.5483870967741935
1000,40,6,1,3,SR,0.7,0.1,0.6129032258064516
1001,41,6,2,3,SR,0.7,0.1,0.5161290322580645
1002,42,6,3,3,SR,0.7,0.1,0.6774193548387096
1003,43,6,4,3,SR,0.7,0.1,0.6774193548387096
1004,44,6,5,3,SR,0.7,0.1,0.6774193548387096
1005,45,6,6,3,SR,0.7,0.1,0.5483870967741935
1006,46,6,7,3,SR,0.7,0.1,0.6774193548387096
1007,47,6,8,3,SR,0.7,0.1,0.5483870967741935
1008,48,7,1,3,SR,0.7,0.1,0.6451612903225806
1009,49,7,2,3,SR,0.7,0.1,0.5806451612903226
1010,50,7,3,3,SR,0.7,0.1,0.6129032258064516
1011,51,7,4,3,SR,0.7,0.1,0.6129032258064516
1012,52,7,5,3,SR,0.7,0.1,0.6129032258064516
1013,53,7,6,3,SR,0.7,0.1,0.6774193548387096
1014,54,7,7,3,SR,0.7,0.1,0.5806451612903226
1015,55,7,8,3,SR,0.7,0.1,0.6451612903225806
1016,56,8,1,3,SR,0.7,0.1,0.6774193548387096
1017,57,8,2,3,SR,0.7,0.1,0.6129032258064516
1018,58,8,3,3,SR,0.7,0.1,0.8709677419354839
1019,59,8,4,3,SR,0.7,0.1,0.7419354838709677
1020,60,8,5,3,SR,0.7,0.1,0.7741935483870968
1021,61,8,6,3,SR,0.7,0.1,0.6129032258064516
1022,62,8,7,3,SR,0.7,0.1,0.7096774193548387
1023,63,8,8,3,SR,0.7,0.1,0.7741935483870968
1024,0,1,1,3,SR,-0.8,0.2,0.4838709677419355
1025,1,1,2,3,SR,-0.8,0.2,0.6774193548387096
1026,2,1,3,3,SR,-0.8,0.2,0.6129032258064516
1027,3,1,4,3,SR,-0.8,0.2,0.7096774193548387
1028,4,1,5,3,SR,-0.8,0.2,0.6774193548387096
1029,5,1,6,3,SR,-0.8,0.2,0.6451612903225806
1030,6,1,7,3,SR,-0.8,0.2,0.7096774193548387
1031,7,1,8,3,SR,-0.8,0.2,0.4838709677419355
1032,8,2,1,3,SR,-0.8,0.2,0.45161290322580644
1033,9,2,2,3,SR,-0.8,0.2,0.45161290322580644
1034,10,2,3,3,SR,-0.8,0.2,0.6451612903225806
1035,11,2,4,3,SR,-0.8,0.2,0.5806451612903226
1036,12,2,5,3,SR,-0.8,0.2,0.5806451612903226
1037,13,2,6,3,SR,-0.8,0.2,0.6451612903225806
1038,14,2,7,3,SR,-0.8,0.2,0.5806451612903226
1039,15,2,8,3,SR,-0.8,0.2,0.45161290322580644
1040,16,3,1,3,SR,-0.8,0.2,0.4838709677419355
1041,17,3,2,3,SR,-0.8,0.2,0.4838709677419355
1042,18,3,3,3,SR,-0.8,0.2,0.4838709677419355
1043,19,3,4,3,SR,-0.8,0.2,0.5483870967741935
1044,20,3,5,3,SR,-0.8,0.2,0.4838709677419355
1045,21,3,6,3,SR,-0.8,0.2,0.3548387096774194
1046,22,3,7,3,SR,-0.8,0.2,0.3870967741935484
1047,23,3,8,3,SR,-0.8,0.2,0.5161290322580645
1048,24,4,1,3,SR,-0.8,0.2,0.3870967741935484
1049,25,4,2,3,SR,-0.8,0.2,0.5161290322580645
1050,26,4,3,3,SR,-0.8,0.2,0.6451612903225806
1051,27,4,4,3,SR,-0.8,0.2,0.3870967741935484
1052,28,4,5,3,SR,-0.8,0.2,0.3548387096774194
1053,29,4,6,3,SR,-0.8,0.2,0.2903225806451613
1054,30,4,7,3,SR,-0.8,0.2,0.3225806451612903
1055,31,4,8,3,SR,-0.8,0.2,0.4838709677419355
1056,32,5,1,3,SR,-0.8,0.2,0.4838709677419355
1057,33,5,2,3,SR,-0.8,0.2,0.5161290322580645
1058,34,5,3,3,SR,-0.8,0.2,0.6129032258064516
1059,35,5,4,3,SR,-0.8,0.2,0.45161290322580644
1060,36,5,5,3,SR,-0.8,0.2,0.5161290322580645
1061,37,5,6,3,SR,-0.8,0.2,0.45161290322580644
1062,38,5,7,3,SR,-0.8,0.2,0.41935483870967744
1063,39,5,8,3,SR,-0.8,0.2,0.45161290322580644
1064,40,6,1,3,SR,-0.8,0.2,0.5161290322580645
1065,41,6,2,3,SR,-0.8,0.2,0.5806451612903226
1066,42,6,3,3,SR,-0.8,0.2,0.6129032258064516
1067,43,6,4,3,SR,-0.8,0.2,0.4838709677419355
1068,44,6,5,3,SR,-0.8,0.2,0.5161290322580645
1069,45,6,6,3,SR,-0.8,0.2,0.3870967741935484
1070,46,6,7,3,SR,-0.8,0.2,0.4838709677419355
1071,47,6,8,3,SR,-0.8,0.2,0.6129032258064516
1072,48,7,1,3,SR,-0.8,0.2,0.7096774193548387
1073,49,7,2,3,SR,-0.8,0.2,0.6774193548387096
1074,50,7,3,3,SR,-0.8,0.2,0.5806451612903226
1075,51,7,4,3,SR,-0.8,0.2,0.5483870967741935
1076,52,7,5,3,SR,-0.8,0.2,0.5483870967741935
1077,53,7,6,3,SR,-0.8,0.2,0.6451612903225806
1078,54,7,7,3,SR,-0.8,0.2,0.5806451612903226
1079,55,7,8,3,SR,-0.8,0.2,0.6451612903225806
1080,56,8,1,3,SR,-0.8,0.2,0.8387096774193549
1081,57,8,2,3,SR,-0.8,0.2,0.7096774193548387
1082,58,8,3,3,SR,-0.8,0.2,0.6129032258064516
1083,59,8,4,3,SR,-0.8,0.2,0.6451612903225806
1084,60,8,5,3,SR,-0.8,0.2,0.7419354838709677
1085,61,8,6,3,SR,-0.8,0.2,0.7741935483870968
1086,62,8,7,3,SR,-0.8,0.2,0.7419354838709677
1087,63,8,8,3,SR,-0.8,0.2,0.7419354838709677
1088,0,1,1,3,SR,-0.7,0.2,0.5483870967741935
1089,1,1,2,3,SR,-0.7,0.2,0.45161290322580644
1090,2,1,3,3,SR,-0.7,0.2,0.4838709677419355
1091,3,1,4,3,SR,-0.7,0.2,0.5161290322580645
1092,4,1,5,3,SR,-0.7,0.2,0.45161290322580644
1093,5,1,6,3,SR,-0.7,0.2,0.3548387096774194
1094,6,1,7,3,SR,-0.7,0.2,0.5483870967741935
1095,7,1,8,3,SR,-0.7,0.2,0.5483870967741935
1096,8,2,1,3,SR,-0.7,0.2,0.6129032258064516
1097,9,2,2,3,SR,-0.7,0.2,0.6129032258064516
1098,10,2,3,3,SR,-0.7,0.2,0.5161290322580645
1099,11,2,4,3,SR,-0.7,0.2,0.3870967741935484
1100,12,2,5,3,SR,-0.7,0.2,0.3870967741935484
1101,13,2,6,3,SR,-0.7,0.2,0.3548387096774194
1102,14,2,7,3,SR,-0.7,0.2,0.4838709677419355
1103,15,2,8,3,SR,-0.7,0.2,0.4838709677419355
1104,16,3,1,3,SR,-0.7,0.2,0.45161290322580644
1105,17,3,2,3,SR,-0.7,0.2,0.45161290322580644
1106,18,3,3,3,SR,-0.7,0.2,0.3870967741935484
1107,19,3,4,3,SR,-0.7,0.2,0.45161290322580644
1108,20,3,5,3,SR,-0.7,0.2,0.3225806451612903
1109,21,3,6,3,SR,-0.7,0.2,0.3548387096774194
1110,22,3,7,3,SR,-0.7,0.2,0.4838709677419355
1111,23,3,8,3,SR,-0.7,0.2,0.45161290322580644
1112,24,4,1,3,SR,-0.7,0.2,0.5806451612903226
1113,25,4,2,3,SR,-0.7,0.2,0.5161290322580645
1114,26,4,3,3,SR,-0.7,0.2,0.3870967741935484
1115,27,4,4,3,SR,-0.7,0.2,0.4838709677419355
1116,28,4,5,3,SR,-0.7,0.2,0.3870967741935484
1117,29,4,6,3,SR,-0.7,0.2,0.25806451612903225
1118,30,4,7,3,SR,-0.7,0.2,0.41935483870967744
1119,31,4,8,3,SR,-0.7,0.2,0.5806451612903226
1120,32,5,1,3,SR,-0.7,0.2,0.5806451612903226
1121,33,5,2,3,SR,-0.7,0.2,0.4838709677419355
1122,34,5,3,3,SR,-0.7,0.2,0.4838709677419355
1123,35,5,4,3,SR,-0.7,0.2,0.5161290322580645
1124,36,5,5,3,SR,-0.7,0.2,0.4838709677419355
1125,37,5,6,3,SR,-0.7,0.2,0.3870967741935484
1126,38,5,7,3,SR,-0.7,0.2,0.3225806451612903
1127,39,5,8,3,SR,-0.7,0.2,0.5161290322580645
1128,40,6,1,3,SR,-0.7,0.2,0.6129032258064516
1129,41,6,2,3,SR,-0.7,0.2,0.45161290322580644
1130,42,6,3,3,SR,-0.7,0.2,0.3548387096774194
1131,43,6,4,3,SR,-0.7,0.2,0.41935483870967744
1132,44,6,5,3,SR,-0.7,0.2,0.25806451612903225
1133,45,6,6,3,SR,-0.7,0.2,0.4838709677419355
1134,46,6,7,3,SR,-0.7,0.2,0.5161290322580645
1135,47,6,8,3,SR,-0.7,0.2,0.5806451612903226
1136,48,7,1,3,SR,-0.7,0.2,0.7096774193548387
1137,49,7,2,3,SR,-0.7,0.2,0.6451612903225806
1138,50,7,3,3,SR,-0.7,0.2,0.41935483870967744
1139,51,7,4,3,SR,-0.7,0.2,0.6129032258064516
1140,52,7,5,3,SR,-0.7,0.2,0.6129032258064516
1141,53,7,6,3,SR,-0.7,0.2,0.6129032258064516
1142,54,7,7,3,SR,-0.7,0.2,0.5161290322580645
1143,55,7,8,3,SR,-0.7,0.2,0.7096774193548387
1144,56,8,1,3,SR,-0.7,0.2,0.8709677419354839
1145,57,8,2,3,SR,-0.7,0.2,0.8387096774193549
1146,58,8,3,3,SR,-0.7,0.2,0.5806451612903226
1147,59,8,4,3,SR,-0.7,0.2,0.6451612903225806
1148,60,8,5,3,SR,-0.7,0.2,0.6451612903225806
1149,61,8,6,3,SR,-0.7,0.2,0.6451612903225806
1150,62,8,7,3,SR,-0.7,0.2,0.6129032258064516
1151,63,8,8,3,SR,-0.7,0.2,0.6774193548387096
1152,0,1,1,3,SR,-0.6,0.2,0.6774193548387096
1153,1,1,2,3,SR,-0.6,0.2,0.5161290322580645
1154,2,1,3,3,SR,-0.6,0.2,0.4838709677419355
1155,3,1,4,3,SR,-0.6,0.2,0.3225806451612903
1156,4,1,5,3,SR,-0.6,0.2,0.41935483870967744
1157,5,1,6,3,SR,-0.6,0.2,0.45161290322580644
1158,6,1,7,3,SR,-0.6,0.2,0.45161290322580644
1159,7,1,8,3,SR,-0.6,0.2,0.41935483870967744
1160,8,2,1,3,SR,-0.6,0.2,0.6451612903225806
1161,9,2,2,3,SR,-0.6,0.2,0.3870967741935484
1162,10,2,3,3,SR,-0.6,0.2,0.5161290322580645
1163,11,2,4,3,SR,-0.6,0.2,0.5161290322580645
1164,12,2,5,3,SR,-0.6,0.2,0.4838709677419355
1165,13,2,6,3,SR,-0.6,0.2,0.5161290322580645
1166,14,2,7,3,SR,-0.6,0.2,0.41935483870967744
1167,15,2,8,3,SR,-0.6,0.2,0.45161290322580644
1168,16,3,1,3,SR,-0.6,0.2,0.4838709677419355
1169,17,3,2,3,SR,-0.6,0.2,0.5483870967741935
1170,18,3,3,3,SR,-0.6,0.2,0.6129032258064516
1171,19,3,4,3,SR,-0.6,0.2,0.5806451612903226
1172,20,3,5,3,SR,-0.6,0.2,0.45161290322580644
1173,21,3,6,3,SR,-0.6,0.2,0.5161290322580645
1174,22,3,7,3,SR,-0.6,0.2,0.3548387096774194
1175,23,3,8,3,SR,-0.6,0.2,0.4838709677419355
1176,24,4,1,3,SR,-0.6,0.2,0.5806451612903226
1177,25,4,2,3,SR,-0.6,0.2,0.41935483870967744
1178,26,4,3,3,SR,-0.6,0.2,0.41935483870967744
1179,27,4,4,3,SR,-0.6,0.2,0.6451612903225806
1180,28,4,5,3,SR,-0.6,0.2,0.4838709677419355
1181,29,4,6,3,SR,-0.6,0.2,0.45161290322580644
1182,30,4,7,3,SR,-0.6,0.2,0.3225806451612903
1183,31,4,8,3,SR,-0.6,0.2,0.41935483870967744
1184,32,5,1,3,SR,-0.6,0.2,0.7096774193548387
1185,33,5,2,3,SR,-0.6,0.2,0.6129032258064516
1186,34,5,3,3,SR,-0.6,0.2,0.5161290322580645
1187,35,5,4,3,SR,-0.6,0.2,0.5806451612903226
1188,36,5,5,3,SR,-0.6,0.2,0.4838709677419355
1189,37,5,6,3,SR,-0.6,0.2,0.5483870967741935
1190,38,5,7,3,SR,-0.6,0.2,0.5483870967741935
1191,39,5,8,3,SR,-0.6,0.2,0.3870967741935484
1192,40,6,1,3,SR,-0.6,0.2,0.6774193548387096
1193,41,6,2,3,SR,-0.6,0.2,0.6129032258064516
1194,42,6,3,3,SR,-0.6,0.2,0.4838709677419355
1195,43,6,4,3,SR,-0.6,0.2,0.45161290322580644
1196,44,6,5,3,SR,-0.6,0.2,0.5161290322580645
1197,45,6,6,3,SR,-0.6,0.2,0.5161290322580645
1198,46,6,7,3,SR,-0.6,0.2,0.5161290322580645
1199,47,6,8,3,SR,-0.6,0.2,0.41935483870967744
1200,48,7,1,3,SR,-0.6,0.2,0.6129032258064516
1201,49,7,2,3,SR,-0.6,0.2,0.5483870967741935
1202,50,7,3,3,SR,-0.6,0.2,0.5161290322580645
1203,51,7,4,3,SR,-0.6,0.2,0.41935483870967744
1204,52,7,5,3,SR,-0.6,0.2,0.4838709677419355
1205,53,7,6,3,SR,-0.6,0.2,0.5806451612903226
1206,54,7,7,3,SR,-0.6,0.2,0.4838709677419355
1207,55,7,8,3,SR,-0.6,0.2,0.7419354838709677
1208,56,8,1,3,SR,-0.6,0.2,0.6451612903225806
1209,57,8,2,3,SR,-0.6,0.2,0.7419354838709677
1210,58,8,3,3,SR,-0.6,0.2,0.5806451612903226
1211,59,8,4,3,SR,-0.6,0.2,0.45161290322580644
1212,60,8,5,3,SR,-0.6,0.2,0.7096774193548387
1213,61,8,6,3,SR,-0.6,0.2,0.6774193548387096
1214,62,8,7,3,SR,-0.6,0.2,0.8709677419354839
1215,63,8,8,3,SR,-0.6,0.2,0.967741935483871
1216,0,1,1,3,SR,-0.5,0.2,0.6774193548387096
1217,1,1,2,3,SR,-0.5,0.2,0.6129032258064516
1218,2,1,3,3,SR,-0.5,0.2,0.5806451612903226
1219,3,1,4,3,SR,-0.5,0.2,0.41935483870967744
1220,4,1,5,3,SR,-0.5,0.2,0.3548387096774194
1221,5,1,6,3,SR,-0.5,0.2,0.3870967741935484
1222,6,1,7,3,SR,-0.5,0.2,0.4838709677419355
1223,7,1,8,3,SR,-0.5,0.2,0.6129032258064516
1224,8,2,1,3,SR,-0.5,0.2,0.41935483870967744
1225,9,2,2,3,SR,-0.5,0.2,0.25806451612903225
1226,10,2,3,3,SR,-0.5,0.2,0.45161290322580644
1227,11,2,4,3,SR,-0.5,0.2,0.5806451612903226
1228,12,2,5,3,SR,-0.5,0.2,0.45161290322580644
1229,13,2,6,3,SR,-0.5,0.2,0.45161290322580644
1230,14,2,7,3,SR,-0.5,0.2,0.5161290322580645
1231,15,2,8,3,SR,-0.5,0.2,0.5806451612903226
1232,16,3,1,3,SR,-0.5,0.2,0.4838709677419355
1233,17,3,2,3,SR,-0.5,0.2,0.3870967741935484
1234,18,3,3,3,SR,-0.5,0.2,0.5806451612903226
1235,19,3,4,3,SR,-0.5,0.2,0.5806451612903226
1236,20,3,5,3,SR,-0.5,0.2,0.4838709677419355
1237,21,3,6,3,SR,-0.5,0.2,0.3870967741935484
1238,22,3,7,3,SR,-0.5,0.2,0.41935483870967744
1239,23,3,8,3,SR,-0.5,0.2,0.5483870967741935
1240,24,4,1,3,SR,-0.5,0.2,0.5483870967741935
1241,25,4,2,3,SR,-0.5,0.2,0.4838709677419355
1242,26,4,3,3,SR,-0.5,0.2,0.5806451612903226
1243,27,4,4,3,SR,-0.5,0.2,0.5806451612903226
1244,28,4,5,3,SR,-0.5,0.2,0.45161290322580644
1245,29,4,6,3,SR,-0.5,0.2,0.5483870967741935
1246,30,4,7,3,SR,-0.5,0.2,0.6129032258064516
1247,31,4,8,3,SR,-0.5,0.2,0.5483870967741935
1248,32,5,1,3,SR,-0.5,0.2,0.5806451612903226
1249,33,5,2,3,SR,-0.5,0.2,0.6129032258064516
1250,34,5,3,3,SR,-0.5,0.2,0.5483870967741935
1251,35,5,4,3,SR,-0.5,0.2,0.5161290322580645
1252,36,5,5,3,SR,-0.5,0.2,0.4838709677419355
1253,37,5,6,3,SR,-0.5,0.2,0.45161290322580644
1254,38,5,7,3,SR,-0.5,0.2,0.5483870967741935
1255,39,5,8,3,SR,-0.5,0.2,0.4838709677419355
1256,40,6,1,3,SR,-0.5,0.2,0.5483870967741935
1257,41,6,2,3,SR,-0.5,0.2,0.5806451612903226
1258,42,6,3,3,SR,-0.5,0.2,0.6129032258064516
1259,43,6,4,3,SR,-0.5,0.2,0.4838709677419355
1260,44,6,5,3,SR,-0.5,0.2,0.6451612903225806
1261,45,6,6,3,SR,-0.5,0.2,0.7096774193548387
1262,46,6,7,3,SR,-0.5,0.2,0.6774193548387096
1263,47,6,8,3,SR,-0.5,0.2,0.6129032258064516
1264,48,7,1,3,SR,-0.5,0.2,0.5806451612903226
1265,49,7,2,3,SR,-0.5,0.2,0.4838709677419355
1266,50,7,3,3,SR,-0.5,0.2,0.5483870967741935
1267,51,7,4,3,SR,-0.5,0.2,0.5806451612903226
1268,52,7,5,3,SR,-0.5,0.2,0.5161290322580645
1269,53,7,6,3,SR,-0.5,0.2,0.5161290322580645
1270,54,7,7,3,SR,-0.5,0.2,0.45161290322580644
1271,55,7,8,3,SR,-0.5,0.2,0.7419354838709677
1272,56,8,1,3,SR,-0.5,0.2,0.8064516129032258
1273,57,8,2,3,SR,-0.5,0.2,0.7419354838709677
1274,58,8,3,3,SR,-0.5,0.2,0.45161290322580644
1275,59,8,4,3,SR,-0.5,0.2,0.45161290322580644
1276,60,8,5,3,SR,-0.5,0.2,0.6129032258064516
1277,61,8,6,3,SR,-0.5,0.2,0.5806451612903226
1278,62,8,7,3,SR,-0.5,0.2,0.6451612903225806
1279,63,8,8,3,SR,-0.5,0.2,0.7741935483870968
1280,0,1,1,3,SR,-0.4,0.2,0.6451612903225806
1281,1,1,2,3,SR,-0.4,0.2,0.6129032258064516
1282,2,1,3,3,SR,-0.4,0.2,0.4838709677419355
1283,3,1,4,3,SR,-0.4,0.2,0.5806451612903226
1284,4,1,5,3,SR,-0.4,0.2,0.6451612903225806
1285,5,1,6,3,SR,-0.4,0.2,0.4838709677419355
1286,6,1,7,3,SR,-0.4,0.2,0.4838709677419355
1287,7,1,8,3,SR,-0.4,0.2,0.4838709677419355
1288,8,2,1,3,SR,-0.4,0.2,0.6451612903225806
1289,9,2,2,3,SR,-0.4,0.2,0.5806451612903226
1290,10,2,3,3,SR,-0.4,0.2,0.5161290322580645
1291,11,2,4,3,SR,-0.4,0.2,0.5806451612903226
1292,12,2,5,3,SR,-0.4,0.2,0.6129032258064516
1293,13,2,6,3,SR,-0.4,0.2,0.5483870967741935
1294,14,2,7,3,SR,-0.4,0.2,0.45161290322580644
1295,15,2,8,3,SR,-0.4,0.2,0.41935483870967744
1296,16,3,1,3,SR,-0.4,0.2,0.4838709677419355
1297,17,3,2,3,SR,-0.4,0.2,0.45161290322580644
1298,18,3,3,3,SR,-0.4,0.2,0.6129032258064516
1299,19,3,4,3,SR,-0.4,0.2,0.5806451612903226
1300,20,3,5,3,SR,-0.4,0.2,0.45161290322580644
1301,21,3,6,3,SR,-0.4,0.2,0.41935483870967744
1302,22,3,7,3,SR,-0.4,0.2,0.45161290322580644
1303,23,3,8,3,SR,-0.4,0.2,0.5161290322580645
1304,24,4,1,3,SR,-0.4,0.2,0.6451612903225806
1305,25,4,2,3,SR,-0.4,0.2,0.5806451612903226
1306,26,4,3,3,SR,-0.4,0.2,0.6129032258064516
1307,27,4,4,3,SR,-0.4,0.2,0.7419354838709677
1308,28,4,5,3,SR,-0.4,0.2,0.5161290322580645
1309,29,4,6,3,SR,-0.4,0.2,0.5806451612903226
1310,30,4,7,3,SR,-0.4,0.2,0.5483870967741935
1311,31,4,8,3,SR,-0.4,0.2,0.6774193548387096
1312,32,5,1,3,SR,-0.4,0.2,0.5806451612903226
1313,33,5,2,3,SR,-0.4,0.2,0.7419354838709677
1314,34,5,3,3,SR,-0.4,0.2,0.6129032258064516
1315,35,5,4,3,SR,-0.4,0.2,0.5483870967741935
1316,36,5,5,3,SR,-0.4,0.2,0.45161290322580644
1317,37,5,6,3,SR,-0.4,0.2,0.5161290322580645
1318,38,5,7,3,SR,-0.4,0.2,0.5161290322580645
1319,39,5,8,3,SR,-0.4,0.2,0.7419354838709677
1320,40,6,1,3,SR,-0.4,0.2,0.6451612903225806
1321,41,6,2,3,SR,-0.4,0.2,0.6129032258064516
1322,42,6,3,3,SR,-0.4,0.2,0.5806451612903226
1323,43,6,4,3,SR,-0.4,0.2,0.5483870967741935
1324,44,6,5,3,SR,-0.4,0.2,0.3870967741935484
1325,45,6,6,3,SR,-0.4,0.2,0.41935483870967744
1326,46,6,7,3,SR,-0.4,0.2,0.41935483870967744
1327,47,6,8,3,SR,-0.4,0.2,0.4838709677419355
1328,48,7,1,3,SR,-0.4,0.2,0.6451612903225806
1329,49,7,2,3,SR,-0.4,0.2,0.5483870967741935
1330,50,7,3,3,SR,-0.4,0.2,0.5483870967741935
1331,51,7,4,3,SR,-0.4,0.2,0.5806451612903226
1332,52,7,5,3,SR,-0.4,0.2,0.5806451612903226
1333,53,7,6,3,SR,-0.4,0.2,0.5806451612903226
1334,54,7,7,3,SR,-0.4,0.2,0.4838709677419355
1335,55,7,8,3,SR,-0.4,0.2,0.5161290322580645
1336,56,8,1,3,SR,-0.4,0.2,0.7096774193548387
1337,57,8,2,3,SR,-0.4,0.2,0.7419354838709677
1338,58,8,3,3,SR,-0.4,0.2,0.5161290322580645
1339,59,8,4,3,SR,-0.4,0.2,0.6774193548387096
1340,60,8,5,3,SR,-0.4,0.2,0.7096774193548387
1341,61,8,6,3,SR,-0.4,0.2,0.6129032258064516
1342,62,8,7,3,SR,-0.4,0.2,0.5806451612903226
1343,63,8,8,3,SR,-0.4,0.2,0.6451612903225806
1344,0,1,1,3,SR,-0.3,0.2,0.7096774193548387
1345,1,1,2,3,SR,-0.3,0.2,0.5161290322580645
1346,2,1,3,3,SR,-0.3,0.2,0.6129032258064516
1347,3,1,4,3,SR,-0.3,0.2,0.7096774193548387
1348,4,1,5,3,SR,-0.3,0.2,0.7096774193548387
1349,5,1,6,3,SR,-0.3,0.2,0.5483870967741935
1350,6,1,7,3,SR,-0.3,0.2,0.4838709677419355
1351,7,1,8,3,SR,-0.3,0.2,0.4838709677419355
1352,8,2,1,3,SR,-0.3,0.2,0.8064516129032258
1353,9,2,2,3,SR,-0.3,0.2,0.5161290322580645
1354,10,2,3,3,SR,-0.3,0.2,0.8064516129032258
1355,11,2,4,3,SR,-0.3,0.2,0.6129032258064516
1356,12,2,5,3,SR,-0.3,0.2,0.6774193548387096
1357,13,2,6,3,SR,-0.3,0.2,0.5161290322580645
1358,14,2,7,3,SR,-0.3,0.2,0.4838709677419355
1359,15,2,8,3,SR,-0.3,0.2,0.5161290322580645
1360,16,3,1,3,SR,-0.3,0.2,0.7741935483870968
1361,17,3,2,3,SR,-0.3,0.2,0.5483870967741935
1362,18,3,3,3,SR,-0.3,0.2,0.6129032258064516
1363,19,3,4,3,SR,-0.3,0.2,0.3870967741935484
1364,20,3,5,3,SR,-0.3,0.2,0.5161290322580645
1365,21,3,6,3,SR,-0.3,0.2,0.4838709677419355
1366,22,3,7,3,SR,-0.3,0.2,0.5483870967741935
1367,23,3,8,3,SR,-0.3,0.2,0.5483870967741935
1368,24,4,1,3,SR,-0.3,0.2,0.6774193548387096
1369,25,4,2,3,SR,-0.3,0.2,0.6451612903225806
1370,26,4,3,3,SR,-0.3,0.2,0.5161290322580645
1371,27,4,4,3,SR,-0.3,0.2,0.3225806451612903
1372,28,4,5,3,SR,-0.3,0.2,0.3870967741935484
1373,29,4,6,3,SR,-0.3,0.2,0.4838709677419355
1374,30,4,7,3,SR,-0.3,0.2,0.5483870967741935
1375,31,4,8,3,SR,-0.3,0.2,0.5806451612903226
1376,32,5,1,3,SR,-0.3,0.2,0.6129032258064516
1377,33,5,2,3,SR,-0.3,0.2,0.5806451612903226
1378,34,5,3,3,SR,-0.3,0.2,0.45161290322580644
1379,35,5,4,3,SR,-0.3,0.2,0.41935483870967744
1380,36,5,5,3,SR,-0.3,0.2,0.5806451612903226
1381,37,5,6,3,SR,-0.3,0.2,0.3548387096774194
1382,38,5,7,3,SR,-0.3,0.2,0.45161290322580644
1383,39,5,8,3,SR,-0.3,0.2,0.5806451612903226
1384,40,6,1,3,SR,-0.3,0.2,0.6129032258064516
1385,41,6,2,3,SR,-0.3,0.2,0.4838709677419355
1386,42,6,3,3,SR,-0.3,0.2,0.45161290322580644
1387,43,6,4,3,SR,-0.3,0.2,0.3548387096774194
1388,44,6,5,3,SR,-0.3,0.2,0.5483870967741935
1389,45,6,6,3,SR,-0.3,0.2,0.45161290322580644
1390,46,6,7,3,SR,-0.3,0.2,0.5806451612903226
1391,47,6,8,3,SR,-0.3,0.2,0.6129032258064516
1392,48,7,1,3,SR,-0.3,0.2,0.6129032258064516
1393,49,7,2,3,SR,-0.3,0.2,0.5806451612903226
1394,50,7,3,3,SR,-0.3,0.2,0.6451612903225806
1395,51,7,4,3,SR,-0.3,0.2,0.5161290322580645
1396,52,7,5,3,SR,-0.3,0.2,0.5806451612903226
1397,53,7,6,3,SR,-0.3,0.2,0.4838709677419355
1398,54,7,7,3,SR,-0.3,0.2,0.5483870967741935
1399,55,7,8,3,SR,-0.3,0.2,0.6451612903225806
1400,56,8,1,3,SR,-0.3,0.2,0.8064516129032258
1401,57,8,2,3,SR,-0.3,0.2,0.6774193548387096
1402,58,8,3,3,SR,-0.3,0.2,0.7096774193548387
1403,59,8,4,3,SR,-0.3,0.2,0.6774193548387096
1404,60,8,5,3,SR,-0.3,0.2,0.7741935483870968
1405,61,8,6,3,SR,-0.3,0.2,0.5806451612903226
1406,62,8,7,3,SR,-0.3,0.2,0.7419354838709677
1407,63,8,8,3,SR,-0.3,0.2,0.7096774193548387
1408,0,1,1,3,SR,-0.2,0.2,0.5483870967741935
1409,1,1,2,3,SR,-0.2,0.2,0.5806451612903226
1410,2,1,3,3,SR,-0.2,0.2,0.5806451612903226
1411,3,1,4,3,SR,-0.2,0.2,0.5161290322580645
1412,4,1,5,3,SR,-0.2,0.2,0.41935483870967744
1413,5,1,6,3,SR,-0.2,0.2,0.5483870967741935
1414,6,1,7,3,SR,-0.2,0.2,0.6129032258064516
1415,7,1,8,3,SR,-0.2,0.2,0.6129032258064516
1416,8,2,1,3,SR,-0.2,0.2,0.7419354838709677
1417,9,2,2,3,SR,-0.2,0.2,0.6129032258064516
1418,10,2,3,3,SR,-0.2,0.2,0.5161290322580645
1419,11,2,4,3,SR,-0.2,0.2,0.5483870967741935
1420,12,2,5,3,SR,-0.2,0.2,0.5483870967741935
1421,13,2,6,3,SR,-0.2,0.2,0.6451612903225806
1422,14,2,7,3,SR,-0.2,0.2,0.7096774193548387
1423,15,2,8,3,SR,-0.2,0.2,0.5483870967741935
1424,16,3,1,3,SR,-0.2,0.2,0.6774193548387096
1425,17,3,2,3,SR,-0.2,0.2,0.6451612903225806
1426,18,3,3,3,SR,-0.2,0.2,0.7096774193548387
1427,19,3,4,3,SR,-0.2,0.2,0.5161290322580645
1428,20,3,5,3,SR,-0.2,0.2,0.6129032258064516
1429,21,3,6,3,SR,-0.2,0.2,0.6129032258064516
1430,22,3,7,3,SR,-0.2,0.2,0.5806451612903226
1431,23,3,8,3,SR,-0.2,0.2,0.5161290322580645
1432,24,4,1,3,SR,-0.2,0.2,0.8064516129032258
1433,25,4,2,3,SR,-0.2,0.2,0.5806451612903226
1434,26,4,3,3,SR,-0.2,0.2,0.7096774193548387
1435,27,4,4,3,SR,-0.2,0.2,0.5806451612903226
1436,28,4,5,3,SR,-0.2,0.2,0.6129032258064516
1437,29,4,6,3,SR,-0.2,0.2,0.6451612903225806
1438,30,4,7,3,SR,-0.2,0.2,0.6129032258064516
1439,31,4,8,3,SR,-0.2,0.2,0.5161290322580645
1440,32,5,1,3,SR,-0.2,0.2,0.6774193548387096
1441,33,5,2,3,SR,-0.2,0.2,0.6451612903225806
1442,34,5,3,3,SR,-0.2,0.2,0.6451612903225806
1443,35,5,4,3,SR,-0.2,0.2,0.5161290322580645
1444,36,5,5,3,SR,-0.2,0.2,0.45161290322580644
1445,37,5,6,3,SR,-0.2,0.2,0.4838709677419355
1446,38,5,7,3,SR,-0.2,0.2,0.6129032258064516
1447,39,5,8,3,SR,-0.2,0.2,0.5806451612903226
1448,40,6,1,3,SR,-0.2,0.2,0.6129032258064516
1449,41,6,2,3,SR,-0.2,0.2,0.5483870967741935
1450,42,6,3,3,SR,-0.2,0.2,0.5806451612903226
1451,43,6,4,3,SR,-0.2,0.2,0.6129032258064516
1452,44,6,5,3,SR,-0.2,0.2,0.5483870967741935
1453,45,6,6,3,SR,-0.2,0.2,0.5806451612903226
1454,46,6,7,3,SR,-0.2,0.2,0.5483870967741935
1455,47,6,8,3,SR,-0.2,0.2,0.45161290322580644
1456,48,7,1,3,SR,-0.2,0.2,0.7096774193548387
1457,49,7,2,3,SR,-0.2,0.2,0.6129032258064516
1458,50,7,3,3,SR,-0.2,0.2,0.7096774193548387
1459,51,7,4,3,SR,-0.2,0.2,0.5483870967741935
1460,52,7,5,3,SR,-0.2,0.2,0.6451612903225806
1461,53,7,6,3,SR,-0.2,0.2,0.5806451612903226
1462,54,7,7,3,SR,-0.2,0.2,0.5483870967741935
1463,55,7,8,3,SR,-0.2,0.2,0.5483870967741935
1464,56,8,1,3,SR,-0.2,0.2,0.6774193548387096
1465,57,8,2,3,SR,-0.2,0.2,0.6129032258064516
1466,58,8,3,3,SR,-0.2,0.2,0.6451612903225806
1467,59,8,4,3,SR,-0.2,0.2,0.6774193548387096
1468,60,8,5,3,SR,-0.2,0.2,0.7096774193548387
1469,61,8,6,3,SR,-0.2,0.2,0.6451612903225806
1470,62,8,7,3,SR,-0.2,0.2,0.6129032258064516
1471,63,8,8,3,SR,-0.2,0.2,0.5806451612903226
1472,0,1,1,3,SR,-0.1,0.2,0.45161290322580644
1473,1,1,2,3,SR,-0.1,0.2,0.45161290322580644
1474,2,1,3,3,SR,-0.1,0.2,0.6129032258064516
1475,3,1,4,3,SR,-0.1,0.2,0.5161290322580645
1476,4,1,5,3,SR,-0.1,0.2,0.6129032258064516
1477,5,1,6,3,SR,-0.1,0.2,0.5161290322580645
1478,6,1,7,3,SR,-0.1,0.2,0.6774193548387096
1479,7,1,8,3,SR,-0.1,0.2,0.5483870967741935
1480,8,2,1,3,SR,-0.1,0.2,0.6129032258064516
1481,9,2,2,3,SR,-0.1,0.2,0.5806451612903226
1482,10,2,3,3,SR,-0.1,0.2,0.6451612903225806
1483,11,2,4,3,SR,-0.1,0.2,0.5161290322580645
1484,12,2,5,3,SR,-0.1,0.2,0.5806451612903226
1485,13,2,6,3,SR,-0.1,0.2,0.3870967741935484
1486,14,2,7,3,SR,-0.1,0.2,0.45161290322580644
1487,15,2,8,3,SR,-0.1,0.2,0.41935483870967744
1488,16,3,1,3,SR,-0.1,0.2,0.6774193548387096
1489,17,3,2,3,SR,-0.1,0.2,0.6451612903225806
1490,18,3,3,3,SR,-0.1,0.2,0.6451612903225806
1491,19,3,4,3,SR,-0.1,0.2,0.6774193548387096
1492,20,3,5,3,SR,-0.1,0.2,0.6451612903225806
1493,21,3,6,3,SR,-0.1,0.2,0.45161290322580644
1494,22,3,7,3,SR,-0.1,0.2,0.5483870967741935
1495,23,3,8,3,SR,-0.1,0.2,0.3870967741935484
1496,24,4,1,3,SR,-0.1,0.2,0.6129032258064516
1497,25,4,2,3,SR,-0.1,0.2,0.6774193548387096
1498,26,4,3,3,SR,-0.1,0.2,0.6129032258064516
1499,27,4,4,3,SR,-0.1,0.2,0.5806451612903226
1500,28,4,5,3,SR,-0.1,0.2,0.45161290322580644
1501,29,4,6,3,SR,-0.1,0.2,0.6129032258064516
1502,30,4,7,3,SR,-0.1,0.2,0.4838709677419355
1503,31,4,8,3,SR,-0.1,0.2,0.5161290322580645
1504,32,5,1,3,SR,-0.1,0.2,0.5483870967741935
1505,33,5,2,3,SR,-0.1,0.2,0.6129032258064516
1506,34,5,3,3,SR,-0.1,0.2,0.6129032258064516
1507,35,5,4,3,SR,-0.1,0.2,0.5161290322580645
1508,36,5,5,3,SR,-0.1,0.2,0.7419354838709677
1509,37,5,6,3,SR,-0.1,0.2,0.5161290322580645
1510,38,5,7,3,SR,-0.1,0.2,0.6129032258064516
1511,39,5,8,3,SR,-0.1,0.2,0.5483870967741935
1512,40,6,1,3,SR,-0.1,0.2,0.6774193548387096
1513,41,6,2,3,SR,-0.1,0.2,0.6774193548387096
1514,42,6,3,3,SR,-0.1,0.2,0.6451612903225806
1515,43,6,4,3,SR,-0.1,0.2,0.6451612903225806
1516,44,6,5,3,SR,-0.1,0.2,0.6451612903225806
1517,45,6,6,3,SR,-0.1,0.2,0.6451612903225806
1518,46,6,7,3,SR,-0.1,0.2,0.5806451612903226
1519,47,6,8,3,SR,-0.1,0.2,0.6129032258064516
1520,48,7,1,3,SR,-0.1,0.2,0.8387096774193549
1521,49,7,2,3,SR,-0.1,0.2,0.7741935483870968
1522,50,7,3,3,SR,-0.1,0.2,0.7419354838709677
1523,51,7,4,3,SR,-0.1,0.2,0.6129032258064516
1524,52,7,5,3,SR,-0.1,0.2,0.5806451612903226
1525,53,7,6,3,SR,-0.1,0.2,0.5806451612903226
1526,54,7,7,3,SR,-0.1,0.2,0.7096774193548387
1527,55,7,8,3,SR,-0.1,0.2,0.6774193548387096
1528,56,8,1,3,SR,-0.1,0.2,0.8064516129032258
1529,57,8,2,3,SR,-0.1,0.2,0.7419354838709677
1530,58,8,3,3,SR,-0.1,0.2,0.7741935483870968
1531,59,8,4,3,SR,-0.1,0.2,0.7741935483870968
1532,60,8,5,3,SR,-0.1,0.2,0.8064516129032258
1533,61,8,6,3,SR,-0.1,0.2,0.8064516129032258
1534,62,8,7,3,SR,-0.1,0.2,0.6451612903225806
1535,63,8,8,3,SR,-0.1,0.2,0.7419354838709677
1536,0,1,1,3,SR,0.0,0.2,0.6451612903225806
1537,1,1,2,3,SR,0.0,0.2,0.4838709677419355
1538,2,1,3,3,SR,0.0,0.2,0.6129032258064516
1539,3,1,4,3,SR,0.0,0.2,0.7096774193548387
1540,4,1,5,3,SR,0.0,0.2,0.41935483870967744
1541,5,1,6,3,SR,0.0,0.2,0.5161290322580645
1542,6,1,7,3,SR,0.0,0.2,0.6774193548387096
1543,7,1,8,3,SR,0.0,0.2,0.7096774193548387
1544,8,2,1,3,SR,0.0,0.2,0.6451612903225806
1545,9,2,2,3,SR,0.0,0.2,0.5483870967741935
1546,10,2,3,3,SR,0.0,0.2,0.6451612903225806
1547,11,2,4,3,SR,0.0,0.2,0.5806451612903226
1548,12,2,5,3,SR,0.0,0.2,0.45161290322580644
1549,13,2,6,3,SR,0.0,0.2,0.4838709677419355
1550,14,2,7,3,SR,0.0,0.2,0.6129032258064516
1551,15,2,8,3,SR,0.0,0.2,0.6451612903225806
1552,16,3,1,3,SR,0.0,0.2,0.7096774193548387
1553,17,3,2,3,SR,0.0,0.2,0.7419354838709677
1554,18,3,3,3,SR,0.0,0.2,0.6129032258064516
1555,19,3,4,3,SR,0.0,0.2,0.6774193548387096
1556,20,3,5,3,SR,0.0,0.2,0.5483870967741935
1557,21,3,6,3,SR,0.0,0.2,0.6129032258064516
1558,22,3,7,3,SR,0.0,0.2,0.6451612903225806
1559,23,3,8,3,SR,0.0,0.2,0.6774193548387096
1560,24,4,1,3,SR,0.0,0.2,0.6129032258064516
1561,25,4,2,3,SR,0.0,0.2,0.6129032258064516
1562,26,4,3,3,SR,0.0,0.2,0.7419354838709677
1563,27,4,4,3,SR,0.0,0.2,0.6774193548387096
1564,28,4,5,3,SR,0.0,0.2,0.5161290322580645
1565,29,4,6,3,SR,0.0,0.2,0.5483870967741935
1566,30,4,7,3,SR,0.0,0.2,0.6451612903225806
1567,31,4,8,3,SR,0.0,0.2,0.7419354838709677
1568,32,5,1,3,SR,0.0,0.2,0.7419354838709677
1569,33,5,2,3,SR,0.0,0.2,0.5806451612903226
1570,34,5,3,3,SR,0.0,0.2,0.5806451612903226
1571,35,5,4,3,SR,0.0,0.2,0.45161290322580644
1572,36,5,5,3,SR,0.0,0.2,0.6129032258064516
1573,37,5,6,3,SR,0.0,0.2,0.6129032258064516
1574,38,5,7,3,SR,0.0,0.2,0.8064516129032258
1575,39,5,8,3,SR,0.0,0.2,0.8064516129032258
1576,40,6,1,3,SR,0.0,0.2,0.7741935483870968
1577,41,6,2,3,SR,0.0,0.2,0.6129032258064516
1578,42,6,3,3,SR,0.0,0.2,0.8064516129032258
1579,43,6,4,3,SR,0.0,0.2,0.5161290322580645
1580,44,6,5,3,SR,0.0,0.2,0.7419354838709677
1581,45,6,6,3,SR,0.0,0.2,0.6451612903225806
1582,46,6,7,3,SR,0.0,0.2,0.6774193548387096
1583,47,6,8,3,SR,0.0,0.2,0.7741935483870968
1584,48,7,1,3,SR,0.0,0.2,0.8709677419354839
1585,49,7,2,3,SR,0.0,0.2,0.8387096774193549
1586,50,7,3,3,SR,0.0,0.2,0.6774193548387096
1587,51,7,4,3,SR,0.0,0.2,0.6451612903225806
1588,52,7,5,3,SR,0.0,0.2,0.6774193548387096
1589,53,7,6,3,SR,0.0,0.2,0.7096774193548387
1590,54,7,7,3,SR,0.0,0.2,0.8064516129032258
1591,55,7,8,3,SR,0.0,0.2,0.8709677419354839
1592,56,8,1,3,SR,0.0,0.2,0.8387096774193549
1593,57,8,2,3,SR,0.0,0.2,0.9032258064516129
1594,58,8,3,3,SR,0.0,0.2,0.8064516129032258
1595,59,8,4,3,SR,0.0,0.2,0.8064516129032258
1596,60,8,5,3,SR,0.0,0.2,0.9354838709677419
1597,61,8,6,3,SR,0.0,0.2,0.967741935483871
1598,62,8,7,3,SR,0.0,0.2,0.8387096774193549
1599,63,8,8,3,SR,0.0,0.2,0.9032258064516129
1600,0,1,1,3,SR,0.1,0.2,0.6129032258064516
1601,1,1,2,3,SR,0.1,0.2,0.6129032258064516
1602,2,1,3,3,SR,0.1,0.2,0.6774193548387096
1603,3,1,4,3,SR,0.1,0.2,0.6451612903225806
1604,4,1,5,3,SR,0.1,0.2,0.6129032258064516
1605,5,1,6,3,SR,0.1,0.2,0.5806451612903226
1606,6,1,7,3,SR,0.1,0.2,0.6774193548387096
1607,7,1,8,3,SR,0.1,0.2,0.7096774193548387
1608,8,2,1,3,SR,0.1,0.2,0.6129032258064516
1609,9,2,2,3,SR,0.1,0.2,0.6451612903225806
1610,10,2,3,3,SR,0.1,0.2,0.7419354838709677
1611,11,2,4,3,SR,0.1,0.2,0.8064516129032258
1612,12,2,5,3,SR,0.1,0.2,0.6451612903225806
1613,13,2,6,3,SR,0.1,0.2,0.5161290322580645
1614,14,2,7,3,SR,0.1,0.2,0.6774193548387096
1615,15,2,8,3,SR,0.1,0.2,0.6774193548387096
1616,16,3,1,3,SR,0.1,0.2,0.6451612903225806
1617,17,3,2,3,SR,0.1,0.2,0.5806451612903226
1618,18,3,3,3,SR,0.1,0.2,0.7419354838709677
1619,19,3,4,3,SR,0.1,0.2,0.6451612903225806
1620,20,3,5,3,SR,0.1,0.2,0.6451612903225806
1621,21,3,6,3,SR,0.1,0.2,0.3870967741935484
1622,22,3,7,3,SR,0.1,0.2,0.5161290322580645
1623,23,3,8,3,SR,0.1,0.2,0.7096774193548387
1624,24,4,1,3,SR,0.1,0.2,0.5483870967741935
1625,25,4,2,3,SR,0.1,0.2,0.5483870967741935
1626,26,4,3,3,SR,0.1,0.2,0.6774193548387096
1627,27,4,4,3,SR,0.1,0.2,0.6451612903225806
1628,28,4,5,3,SR,0.1,0.2,0.7741935483870968
1629,29,4,6,3,SR,0.1,0.2,0.7096774193548387
1630,30,4,7,3,SR,0.1,0.2,0.7096774193548387
1631,31,4,8,3,SR,0.1,0.2,0.6774193548387096
1632,32,5,1,3,SR,0.1,0.2,0.7096774193548387
1633,33,5,2,3,SR,0.1,0.2,0.6774193548387096
1634,34,5,3,3,SR,0.1,0.2,0.6451612903225806
1635,35,5,4,3,SR,0.1,0.2,0.5483870967741935
1636,36,5,5,3,SR,0.1,0.2,0.6451612903225806
1637,37,5,6,3,SR,0.1,0.2,0.5806451612903226
1638,38,5,7,3,SR,0.1,0.2,0.8387096774193549
1639,39,5,8,3,SR,0.1,0.2,0.8387096774193549
1640,40,6,1,3,SR,0.1,0.2,0.9032258064516129
1641,41,6,2,3,SR,0.1,0.2,0.8387096774193549
1642,42,6,3,3,SR,0.1,0.2,0.8709677419354839
1643,43,6,4,3,SR,0.1,0.2,0.6774193548387096
1644,44,6,5,3,SR,0.1,0.2,0.7096774193548387
1645,45,6,6,3,SR,0.1,0.2,0.7741935483870968
1646,46,6,7,3,SR,0.1,0.2,0.7096774193548387
1647,47,6,8,3,SR,0.1,0.2,0.8064516129032258
1648,48,7,1,3,SR,0.1,0.2,0.8709677419354839
1649,49,7,2,3,SR,0.1,0.2,0.9032258064516129
1650,50,7,3,3,SR,0.1,0.2,0.8709677419354839
1651,51,7,4,3,SR,0.1,0.2,0.7096774193548387
1652,52,7,5,3,SR,0.1,0.2,0.7419354838709677
1653,53,7,6,3,SR,0.1,0.2,0.9354838709677419
1654,54,7,7,3,SR,0.1,0.2,0.9354838709677419
1655,55,7,8,3,SR,0.1,0.2,0.9032258064516129
1656,56,8,1,3,SR,0.1,0.2,0.8064516129032258
1657,57,8,2,3,SR,0.1,0.2,0.967741935483871
1658,58,8,3,3,SR,0.1,0.2,0.967741935483871
1659,59,8,4,3,SR,0.1,0.2,0.9354838709677419
1660,60,8,5,3,SR,0.1,0.2,0.967741935483871
1661,61,8,6,3,SR,0.1,0.2,0.967741935483871
1662,62,8,7,3,SR,0.1,0.2,0.9032258064516129
1663,63,8,8,3,SR,0.1,0.2,0.9354838709677419
1664,0,1,1,3,SR,0.2,0.2,0.6129032258064516
1665,1,1,2,3,SR,0.2,0.2,0.5483870967741935
1666,2,1,3,3,SR,0.2,0.2,0.4838709677419355
1667,3,1,4,3,SR,0.2,0.2,0.3870967741935484
1668,4,1,5,3,SR,0.2,0.2,0.5161290322580645
1669,5,1,6,3,SR,0.2,0.2,0.6451612903225806
1670,6,1,7,3,SR,0.2,0.2,0.7741935483870968
1671,7,1,8,3,SR,0.2,0.2,0.7419354838709677
1672,8,2,1,3,SR,0.2,0.2,0.6774193548387096
1673,9,2,2,3,SR,0.2,0.2,0.5161290322580645
1674,10,2,3,3,SR,0.2,0.2,0.5161290322580645
1675,11,2,4,3,SR,0.2,0.2,0.5483870967741935
1676,12,2,5,3,SR,0.2,0.2,0.5806451612903226
1677,13,2,6,3,SR,0.2,0.2,0.6451612903225806
1678,14,2,7,3,SR,0.2,0.2,0.7096774193548387
1679,15,2,8,3,SR,0.2,0.2,0.6451612903225806
1680,16,3,1,3,SR,0.2,0.2,0.6451612903225806
1681,17,3,2,3,SR,0.2,0.2,0.5806451612903226
1682,18,3,3,3,SR,0.2,0.2,0.5483870967741935
1683,19,3,4,3,SR,0.2,0.2,0.5806451612903226
1684,20,3,5,3,SR,0.2,0.2,0.6451612903225806
1685,21,3,6,3,SR,0.2,0.2,0.5483870967741935
1686,22,3,7,3,SR,0.2,0.2,0.6451612903225806
1687,23,3,8,3,SR,0.2,0.2,0.6774193548387096
1688,24,4,1,3,SR,0.2,0.2,0.6774193548387096
1689,25,4,2,3,SR,0.2,0.2,0.6451612903225806
1690,26,4,3,3,SR,0.2,0.2,0.5806451612903226
1691,27,4,4,3,SR,0.2,0.2,0.7419354838709677
1692,28,4,5,3,SR,0.2,0.2,0.6129032258064516
1693,29,4,6,3,SR,0.2,0.2,0.6129032258064516
1694,30,4,7,3,SR,0.2,0.2,0.6774193548387096
1695,31,4,8,3,SR,0.2,0.2,0.7419354838709677
1696,32,5,1,3,SR,0.2,0.2,0.5161290322580645
1697,33,5,2,3,SR,0.2,0.2,0.6129032258064516
1698,34,5,3,3,SR,0.2,0.2,0.6451612903225806
1699,35,5,4,3,SR,0.2,0.2,0.6451612903225806
1700,36,5,5,3,SR,0.2,0.2,0.5161290322580645
1701,37,5,6,3,SR,0.2,0.2,0.6129032258064516
1702,38,5,7,3,SR,0.2,0.2,0.7741935483870968
1703,39,5,8,3,SR,0.2,0.2,0.8709677419354839
1704,40,6,1,3,SR,0.2,0.2,0.6774193548387096
1705,41,6,2,3,SR,0.2,0.2,0.6129032258064516
1706,42,6,3,3,SR,0.2,0.2,0.5806451612903226
1707,43,6,4,3,SR,0.2,0.2,0.6129032258064516
1708,44,6,5,3,SR,0.2,0.2,0.5483870967741935
1709,45,6,6,3,SR,0.2,0.2,0.6129032258064516
1710,46,6,7,3,SR,0.2,0.2,0.7096774193548387
1711,47,6,8,3,SR,0.2,0.2,0.8387096774193549
1712,48,7,1,3,SR,0.2,0.2,0.7419354838709677
1713,49,7,2,3,SR,0.2,0.2,0.8064516129032258
1714,50,7,3,3,SR,0.2,0.2,0.7096774193548387
1715,51,7,4,3,SR,0.2,0.2,0.8064516129032258
1716,52,7,5,3,SR,0.2,0.2,0.8064516129032258
1717,53,7,6,3,SR,0.2,0.2,0.9354838709677419
1718,54,7,7,3,SR,0.2,0.2,0.8387096774193549
1719,55,7,8,3,SR,0.2,0.2,0.8064516129032258
1720,56,8,1,3,SR,0.2,0.2,0.9032258064516129
1721,57,8,2,3,SR,0.2,0.2,0.9354838709677419
1722,58,8,3,3,SR,0.2,0.2,0.8064516129032258
1723,59,8,4,3,SR,0.2,0.2,0.9032258064516129
1724,60,8,5,3,SR,0.2,0.2,0.8387096774193549
1725,61,8,6,3,SR,0.2,0.2,0.9354838709677419
1726,62,8,7,3,SR,0.2,0.2,0.8709677419354839
1727,63,8,8,3,SR,0.2,0.2,0.8064516129032258
1728,0,1,1,3,SR,0.3,0.2,0.8064516129032258
1729,1,1,2,3,SR,0.3,0.2,0.6451612903225806
1730,2,1,3,3,SR,0.3,0.2,0.6774193548387096
1731,3,1,4,3,SR,0.3,0.2,0.5483870967741935
1732,4,1,5,3,SR,0.3,0.2,0.5161290322580645
1733,5,1,6,3,SR,0.3,0.2,0.5483870967741935
1734,6,1,7,3,SR,0.3,0.2,0.5806451612903226
1735,7,1,8,3,SR,0.3,0.2,0.45161290322580644
1736,8,2,1,3,SR,0.3,0.2,0.8064516129032258
1737,9,2,2,3,SR,0.3,0.2,0.5161290322580645
1738,10,2,3,3,SR,0.3,0.2,0.5483870967741935
1739,11,2,4,3,SR,0.3,0.2,0.7419354838709677
1740,12,2,5,3,SR,0.3,0.2,0.6451612903225806
1741,13,2,6,3,SR,0.3,0.2,0.4838709677419355
1742,14,2,7,3,SR,0.3,0.2,0.6451612903225806
1743,15,2,8,3,SR,0.3,0.2,0.6129032258064516
1744,16,3,1,3,SR,0.3,0.2,0.8387096774193549
1745,17,3,2,3,SR,0.3,0.2,0.5806451612903226
1746,18,3,3,3,SR,0.3,0.2,0.6451612903225806
1747,19,3,4,3,SR,0.3,0.2,0.7096774193548387
1748,20,3,5,3,SR,0.3,0.2,0.6129032258064516
1749,21,3,6,3,SR,0.3,0.2,0.5483870967741935
1750,22,3,7,3,SR,0.3,0.2,0.5483870967741935
1751,23,3,8,3,SR,0.3,0.2,0.6129032258064516
1752,24,4,1,3,SR,0.3,0.2,0.4838709677419355
1753,25,4,2,3,SR,0.3,0.2,0.7419354838709677
1754,26,4,3,3,SR,0.3,0.2,0.45161290322580644
1755,27,4,4,3,SR,0.3,0.2,0.6129032258064516
1756,28,4,5,3,SR,0.3,0.2,0.5483870967741935
1757,29,4,6,3,SR,0.3,0.2,0.5806451612903226
1758,30,4,7,3,SR,0.3,0.2,0.5806451612903226
1759,31,4,8,3,SR,0.3,0.2,0.6129032258064516
1760,32,5,1,3,SR,0.3,0.2,0.5483870967741935
1761,33,5,2,3,SR,0.3,0.2,0.5483870967741935
1762,34,5,3,3,SR,0.3,0.2,0.5483870967741935
1763,35,5,4,3,SR,0.3,0.2,0.6451612903225806
1764,36,5,5,3,SR,0.3,0.2,0.6129032258064516
1765,37,5,6,3,SR,0.3,0.2,0.6129032258064516
1766,38,5,7,3,SR,0.3,0.2,0.5806451612903226
1767,39,5,8,3,SR,0.3,0.2,0.8064516129032258
1768,40,6,1,3,SR,0.3,0.2,0.5483870967741935
1769,41,6,2,3,SR,0.3,0.2,0.6129032258064516
1770,42,6,3,3,SR,0.3,0.2,0.6129032258064516
1771,43,6,4,3,SR,0.3,0.2,0.6451612903225806
1772,44,6,5,3,SR,0.3,0.2,0.6774193548387096
1773,45,6,6,3,SR,0.3,0.2,0.4838709677419355
1774,46,6,7,3,SR,0.3,0.2,0.5161290322580645
1775,47,6,8,3,SR,0.3,0.2,0.7096774193548387
1776,48,7,1,3,SR,0.3,0.2,0.6451612903225806
1777,49,7,2,3,SR,0.3,0.2,0.6774193548387096
1778,50,7,3,3,SR,0.3,0.2,0.8387096774193549
1779,51,7,4,3,SR,0.3,0.2,0.9032258064516129
1780,52,7,5,3,SR,0.3,0.2,0.8709677419354839
1781,53,7,6,3,SR,0.3,0.2,0.7419354838709677
1782,54,7,7,3,SR,0.3,0.2,0.7419354838709677
1783,55,7,8,3,SR,0.3,0.2,0.7096774193548387
1784,56,8,1,3,SR,0.3,0.2,0.967741935483871
1785,57,8,2,3,SR,0.3,0.2,0.9354838709677419
1786,58,8,3,3,SR,0.3,0.2,0.9354838709677419
1787,59,8,4,3,SR,0.3,0.2,0.9354838709677419
1788,60,8,5,3,SR,0.3,0.2,0.9032258064516129
1789,61,8,6,3,SR,0.3,0.2,0.8064516129032258
1790,62,8,7,3,SR,0.3,0.2,0.7096774193548387
1791,63,8,8,3,SR,0.3,0.2,0.5806451612903226
1792,0,1,1,3,SR,0.4,0.2,0.6774193548387096
1793,1,1,2,3,SR,0.4,0.2,0.5806451612903226
1794,2,1,3,3,SR,0.4,0.2,0.5806451612903226
1795,3,1,4,3,SR,0.4,0.2,0.5483870967741935
1796,4,1,5,3,SR,0.4,0.2,0.5161290322580645
1797,5,1,6,3,SR,0.4,0.2,0.5806451612903226
1798,6,1,7,3,SR,0.4,0.2,0.5161290322580645
1799,7,1,8,3,SR,0.4,0.2,0.41935483870967744
1800,8,2,1,3,SR,0.4,0.2,0.41935483870967744
1801,9,2,2,3,SR,0.4,0.2,0.5483870967741935
1802,10,2,3,3,SR,0.4,0.2,0.45161290322580644
1803,11,2,4,3,SR,0.4,0.2,0.8064516129032258
1804,12,2,5,3,SR,0.4,0.2,0.6451612903225806
1805,13,2,6,3,SR,0.4,0.2,0.6451612903225806
1806,14,2,7,3,SR,0.4,0.2,0.4838709677419355
1807,15,2,8,3,SR,0.4,0.2,0.5483870967741935
1808,16,3,1,3,SR,0.4,0.2,0.5806451612903226
1809,17,3,2,3,SR,0.4,0.2,0.6129032258064516
1810,18,3,3,3,SR,0.4,0.2,0.6451612903225806
1811,19,3,4,3,SR,0.4,0.2,0.7419354838709677
1812,20,3,5,3,SR,0.4,0.2,0.7419354838709677
1813,21,3,6,3,SR,0.4,0.2,0.5483870967741935
1814,22,3,7,3,SR,0.4,0.2,0.4838709677419355
1815,23,3,8,3,SR,0.4,0.2,0.5483870967741935
1816,24,4,1,3,SR,0.4,0.2,0.41935483870967744
1817,25,4,2,3,SR,0.4,0.2,0.5483870967741935
1818,26,4,3,3,SR,0.4,0.2,0.6129032258064516
1819,27,4,4,3,SR,0.4,0.2,0.7096774193548387
1820,28,4,5,3,SR,0.4,0.2,0.7096774193548387
1821,29,4,6,3,SR,0.4,0.2,0.6129032258064516
1822,30,4,7,3,SR,0.4,0.2,0.4838709677419355
1823,31,4,8,3,SR,0.4,0.2,0.5806451612903226
1824,32,5,1,3,SR,0.4,0.2,0.5806451612903226
1825,33,5,2,3,SR,0.4,0.2,0.6451612903225806
1826,34,5,3,3,SR,0.4,0.2,0.6774193548387096
1827,35,5,4,3,SR,0.4,0.2,0.6774193548387096
1828,36,5,5,3,SR,0.4,0.2,0.4838709677419355
1829,37,5,6,3,SR,0.4,0.2,0.3870967741935484
1830,38,5,7,3,SR,0.4,0.2,0.5806451612903226
1831,39,5,8,3,SR,0.4,0.2,0.7419354838709677
1832,40,6,1,3,SR,0.4,0.2,0.45161290322580644
1833,41,6,2,3,SR,0.4,0.2,0.6451612903225806
1834,42,6,3,3,SR,0.4,0.2,0.7419354838709677
1835,43,6,4,3,SR,0.4,0.2,0.6129032258064516
1836,44,6,5,3,SR,0.4,0.2,0.45161290322580644
1837,45,6,6,3,SR,0.4,0.2,0.3548387096774194
1838,46,6,7,3,SR,0.4,0.2,0.7419354838709677
1839,47,6,8,3,SR,0.4,0.2,0.7096774193548387
1840,48,7,1,3,SR,0.4,0.2,0.6451612903225806
1841,49,7,2,3,SR,0.4,0.2,0.41935483870967744
1842,50,7,3,3,SR,0.4,0.2,0.7096774193548387
1843,51,7,4,3,SR,0.4,0.2,0.7419354838709677
1844,52,7,5,3,SR,0.4,0.2,0.6774193548387096
1845,53,7,6,3,SR,0.4,0.2,0.7419354838709677
1846,54,7,7,3,SR,0.4,0.2,0.8064516129032258
1847,55,7,8,3,SR,0.4,0.2,0.7741935483870968
1848,56,8,1,3,SR,0.4,0.2,0.9032258064516129
1849,57,8,2,3,SR,0.4,0.2,0.9354838709677419
1850,58,8,3,3,SR,0.4,0.2,0.9354838709677419
1851,59,8,4,3,SR,0.4,0.2,0.8709677419354839
1852,60,8,5,3,SR,0.4,0.2,0.7419354838709677
1853,61,8,6,3,SR,0.4,0.2,0.6451612903225806
1854,62,8,7,3,SR,0.4,0.2,0.7741935483870968
1855,63,8,8,3,SR,0.4,0.2,0.6774193548387096
1856,0,1,1,3,SR,0.5,0.2,0.5806451612903226
1857,1,1,2,3,SR,0.5,0.2,0.45161290322580644
1858,2,1,3,3,SR,0.5,0.2,0.6451612903225806
1859,3,1,4,3,SR,0.5,0.2,0.6129032258064516
1860,4,1,5,3,SR,0.5,0.2,0.5161290322580645
1861,5,1,6,3,SR,0.5,0.2,0.45161290322580644
1862,6,1,7,3,SR,0.5,0.2,0.3870967741935484
1863,7,1,8,3,SR,0.5,0.2,0.41935483870967744
1864,8,2,1,3,SR,0.5,0.2,0.5483870967741935
1865,9,2,2,3,SR,0.5,0.2,0.6129032258064516
1866,10,2,3,3,SR,0.5,0.2,0.6129032258064516
1867,11,2,4,3,SR,0.5,0.2,0.7419354838709677
1868,12,2,5,3,SR,0.5,0.2,0.6774193548387096
1869,13,2,6,3,SR,0.5,0.2,0.5483870967741935
1870,14,2,7,3,SR,0.5,0.2,0.4838709677419355
1871,15,2,8,3,SR,0.5,0.2,0.5161290322580645
1872,16,3,1,3,SR,0.5,0.2,0.5483870967741935
1873,17,3,2,3,SR,0.5,0.2,0.5806451612903226
1874,18,3,3,3,SR,0.5,0.2,0.5483870967741935
1875,19,3,4,3,SR,0.5,0.2,0.5806451612903226
1876,20,3,5,3,SR,0.5,0.2,0.7419354838709677
1877,21,3,6,3,SR,0.5,0.2,0.6451612903225806
1878,22,3,7,3,SR,0.5,0.2,0.4838709677419355
1879,23,3,8,3,SR,0.5,0.2,0.6129032258064516
1880,24,4,1,3,SR,0.5,0.2,0.5483870967741935
1881,25,4,2,3,SR,0.5,0.2,0.5161290322580645
1882,26,4,3,3,SR,0.5,0.2,0.5161290322580645
1883,27,4,4,3,SR,0.5,0.2,0.6774193548387096
1884,28,4,5,3,SR,0.5,0.2,0.7741935483870968
1885,29,4,6,3,SR,0.5,0.2,0.6129032258064516
1886,30,4,7,3,SR,0.5,0.2,0.5483870967741935
1887,31,4,8,3,SR,0.5,0.2,0.6451612903225806
1888,32,5,1,3,SR,0.5,0.2,0.6129032258064516
1889,33,5,2,3,SR,0.5,0.2,0.45161290322580644
1890,34,5,3,3,SR,0.5,0.2,0.7096774193548387
1891,35,5,4,3,SR,0.5,0.2,0.5161290322580645
1892,36,5,5,3,SR,0.5,0.2,0.6129032258064516
1893,37,5,6,3,SR,0.5,0.2,0.6129032258064516
1894,38,5,7,3,SR,0.5,0.2,0.5161290322580645
1895,39,5,8,3,SR,0.5,0.2,0.6451612903225806
1896,40,6,1,3,SR,0.5,0.2,0.6129032258064516
1897,41,6,2,3,SR,0.5,0.2,0.6451612903225806
1898,42,6,3,3,SR,0.5,0.2,0.5806451612903226
1899,43,6,4,3,SR,0.5,0.2,0.5161290322580645
1900,44,6,5,3,SR,0.5,0.2,0.5161290322580645
1901,45,6,6,3,SR,0.5,0.2,0.5161290322580645
1902,46,6,7,3,SR,0.5,0.2,0.45161290322580644
1903,47,6,8,3,SR,0.5,0.2,0.6774193548387096
1904,48,7,1,3,SR,0.5,0.2,0.5806451612903226
1905,49,7,2,3,SR,0.5,0.2,0.6451612903225806
1906,50,7,3,3,SR,0.5,0.2,0.7741935483870968
1907,51,7,4,3,SR,0.5,0.2,0.7096774193548387
1908,52,7,5,3,SR,0.5,0.2,0.7096774193548387
1909,53,7,6,3,SR,0.5,0.2,0.7096774193548387
1910,54,7,7,3,SR,0.5,0.2,0.6774193548387096
1911,55,7,8,3,SR,0.5,0.2,0.7741935483870968
1912,56,8,1,3,SR,0.5,0.2,0.8064516129032258
1913,57,8,2,3,SR,0.5,0.2,0.8709677419354839
1914,58,8,3,3,SR,0.5,0.2,0.8064516129032258
1915,59,8,4,3,SR,0.5,0.2,0.7419354838709677
1916,60,8,5,3,SR,0.5,0.2,0.6774193548387096
1917,61,8,6,3,SR,0.5,0.2,0.4838709677419355
1918,62,8,7,3,SR,0.5,0.2,0.4838709677419355
1919,63,8,8,3,SR,0.5,0.2,0.5161290322580645
1920,0,1,1,3,SR,0.6,0.2,0.3548387096774194
1921,1,1,2,3,SR,0.6,0.2,0.1935483870967742
1922,2,1,3,3,SR,0.6,0.2,0.3548387096774194
1923,3,1,4,3,SR,0.6,0.2,0.3870967741935484
1924,4,1,5,3,SR,0.6,0.2,0.5483870967741935
1925,5,1,6,3,SR,0.6,0.2,0.4838709677419355
1926,6,1,7,3,SR,0.6,0.2,0.5483870967741935
1927,7,1,8,3,SR,0.6,0.2,0.5483870967741935
1928,8,2,1,3,SR,0.6,0.2,0.45161290322580644
1929,9,2,2,3,SR,0.6,0.2,0.3225806451612903
1930,10,2,3,3,SR,0.6,0.2,0.5483870967741935
1931,11,2,4,3,SR,0.6,0.2,0.5161290322580645
1932,12,2,5,3,SR,0.6,0.2,0.6451612903225806
1933,13,2,6,3,SR,0.6,0.2,0.5806451612903226
1934,14,2,7,3,SR,0.6,0.2,0.6774193548387096
1935,15,2,8,3,SR,0.6,0.2,0.5806451612903226
1936,16,3,1,3,SR,0.6,0.2,0.41935483870967744
1937,17,3,2,3,SR,0.6,0.2,0.3548387096774194
1938,18,3,3,3,SR,0.6,0.2,0.5806451612903226
1939,19,3,4,3,SR,0.6,0.2,0.5161290322580645
1940,20,3,5,3,SR,0.6,0.2,0.6451612903225806
1941,21,3,6,3,SR,0.6,0.2,0.6129032258064516
1942,22,3,7,3,SR,0.6,0.2,0.6451612903225806
1943,23,3,8,3,SR,0.6,0.2,0.5483870967741935
1944,24,4,1,3,SR,0.6,0.2,0.4838709677419355
1945,25,4,2,3,SR,0.6,0.2,0.5483870967741935
1946,26,4,3,3,SR,0.6,0.2,0.5161290322580645
1947,27,4,4,3,SR,0.6,0.2,0.7419354838709677
1948,28,4,5,3,SR,0.6,0.2,0.5806451612903226
1949,29,4,6,3,SR,0.6,0.2,0.6129032258064516
1950,30,4,7,3,SR,0.6,0.2,0.5161290322580645
1951,31,4,8,3,SR,0.6,0.2,0.5806451612903226
1952,32,5,1,3,SR,0.6,0.2,0.5806451612903226
1953,33,5,2,3,SR,0.6,0.2,0.5483870967741935
1954,34,5,3,3,SR,0.6,0.2,0.5806451612903226
1955,35,5,4,3,SR,0.6,0.2,0.5483870967741935
1956,36,5,5,3,SR,0.6,0.2,0.6129032258064516
1957,37,5,6,3,SR,0.6,0.2,0.5161290322580645
1958,38,5,7,3,SR,0.6,0.2,0.5161290322580645
1959,39,5,8,3,SR,0.6,0.2,0.5806451612903226
1960,40,6,1,3,SR,0.6,0.2,0.6451612903225806
1961,41,6,2,3,SR,0.6,0.2,0.6774193548387096
1962,42,6,3,3,SR,0.6,0.2,0.4838709677419355
1963,43,6,4,3,SR,0.6,0.2,0.5161290322580645
1964,44,6,5,3,SR,0.6,0.2,0.6451612903225806
1965,45,6,6,3,SR,0.6,0.2,0.5483870967741935
1966,46,6,7,3,SR,0.6,0.2,0.5483870967741935
1967,47,6,8,3,SR,0.6,0.2,0.4838709677419355
1968,48,7,1,3,SR,0.6,0.2,0.6451612903225806
1969,49,7,2,3,SR,0.6,0.2,0.5806451612903226
1970,50,7,3,3,SR,0.6,0.2,0.6129032258064516
1971,51,7,4,3,SR,0.6,0.2,0.7419354838709677
1972,52,7,5,3,SR,0.6,0.2,0.7419354838709677
1973,53,7,6,3,SR,0.6,0.2,0.7419354838709677
1974,54,7,7,3,SR,0.6,0.2,0.7419354838709677
1975,55,7,8,3,SR,0.6,0.2,0.7096774193548387
1976,56,8,1,3,SR,0.6,0.2,0.8387096774193549
1977,57,8,2,3,SR,0.6,0.2,0.8709677419354839
1978,58,8,3,3,SR,0.6,0.2,0.8709677419354839
1979,59,8,4,3,SR,0.6,0.2,0.8387096774193549
1980,60,8,5,3,SR,0.6,0.2,0.8387096774193549
1981,61,8,6,3,SR,0.6,0.2,0.7741935483870968
1982,62,8,7,3,SR,0.6,0.2,0.7419354838709677
1983,63,8,8,3,SR,0.6,0.2,0.7096774193548387
