,index,X,Y,Spatial Step,Event,Time Start,Time Span,Accuracy,Motor_Status
0,0,1,1,3,SR,-0.8,0.1,0.5483870967741935,0.0
1,1,1,2,3,SR,-0.8,0.1,0.6451612903225806,0.0
2,2,1,3,3,SR,-0.8,0.1,0.5806451612903226,0.0
3,3,1,4,3,SR,-0.8,0.1,0.7741935483870968,0.0
4,4,1,5,3,SR,-0.8,0.1,0.4838709677419355,1.0
5,5,1,6,3,SR,-0.8,0.1,0.5806451612903226,1.0
6,6,1,7,3,SR,-0.8,0.1,0.6129032258064516,1.0
7,7,1,8,3,SR,-0.8,0.1,0.5161290322580645,1.0
8,8,2,1,3,SR,-0.8,0.1,0.5161290322580645,0.0
9,9,2,2,3,SR,-0.8,0.1,0.5161290322580645,0.0
10,10,2,3,3,SR,-0.8,0.1,0.4838709677419355,0.0
11,11,2,4,3,SR,-0.8,0.1,0.5483870967741935,0.0
12,12,2,5,3,SR,-0.8,0.1,0.5161290322580645,1.0
13,13,2,6,3,SR,-0.8,0.1,0.6451612903225806,1.0
14,14,2,7,3,SR,-0.8,0.1,0.6129032258064516,1.0
15,15,2,8,3,SR,-0.8,0.1,0.5161290322580645,1.0
16,16,3,1,3,SR,-0.8,0.1,0.4516129032258064,0.0
17,17,3,2,3,SR,-0.8,0.1,0.4838709677419355,0.0
18,18,3,3,3,SR,-0.8,0.1,0.5806451612903226,0.0
19,19,3,4,3,SR,-0.8,0.1,0.5161290322580645,1.0
20,20,3,5,3,SR,-0.8,0.1,0.3548387096774194,1.0
21,21,3,6,3,SR,-0.8,0.1,0.3870967741935484,1.0
22,22,3,7,3,SR,-0.8,0.1,0.3870967741935484,1.0
23,23,3,8,3,SR,-0.8,0.1,0.4193548387096774,1.0
24,24,4,1,3,SR,-0.8,0.1,0.5161290322580645,0.0
25,25,4,2,3,SR,-0.8,0.1,0.4838709677419355,0.0
26,26,4,3,3,SR,-0.8,0.1,0.5806451612903226,0.0
27,27,4,4,3,SR,-0.8,0.1,0.3548387096774194,1.0
28,28,4,5,3,SR,-0.8,0.1,0.3548387096774194,1.0
29,29,4,6,3,SR,-0.8,0.1,0.2580645161290322,1.0
30,30,4,7,3,SR,-0.8,0.1,0.2580645161290322,1.0
31,31,4,8,3,SR,-0.8,0.1,0.4193548387096774,1.0
32,32,5,1,3,SR,-0.8,0.1,0.6774193548387096,0.0
33,33,5,2,3,SR,-0.8,0.1,0.4838709677419355,0.0
34,34,5,3,3,SR,-0.8,0.1,0.6774193548387096,1.0
35,35,5,4,3,SR,-0.8,0.1,0.4193548387096774,1.0
36,36,5,5,3,SR,-0.8,0.1,0.3870967741935484,1.0
37,37,5,6,3,SR,-0.8,0.1,0.2903225806451613,1.0
38,38,5,7,3,SR,-0.8,0.1,0.1935483870967742,1.0
39,39,5,8,3,SR,-0.8,0.1,0.3870967741935484,1.0
40,40,6,1,3,SR,-0.8,0.1,0.6129032258064516,0.0
41,41,6,2,3,SR,-0.8,0.1,0.5806451612903226,0.0
42,42,6,3,3,SR,-0.8,0.1,0.6451612903225806,1.0
43,43,6,4,3,SR,-0.8,0.1,0.5161290322580645,1.0
44,44,6,5,3,SR,-0.8,0.1,0.3870967741935484,1.0
45,45,6,6,3,SR,-0.8,0.1,0.3870967741935484,1.0
46,46,6,7,3,SR,-0.8,0.1,0.6774193548387096,1.0
47,47,6,8,3,SR,-0.8,0.1,0.6451612903225806,1.0
48,48,7,1,3,SR,-0.8,0.1,0.6451612903225806,0.0
49,49,7,2,3,SR,-0.8,0.1,0.5806451612903226,1.0
50,50,7,3,3,SR,-0.8,0.1,0.5806451612903226,1.0
51,51,7,4,3,SR,-0.8,0.1,0.3870967741935484,1.0
52,52,7,5,3,SR,-0.8,0.1,0.3870967741935484,1.0
53,53,7,6,3,SR,-0.8,0.1,0.4838709677419355,1.0
54,54,7,7,3,SR,-0.8,0.1,0.6129032258064516,1.0
55,55,7,8,3,SR,-0.8,0.1,0.8064516129032258,1.0
56,56,8,1,3,SR,-0.8,0.1,0.6774193548387096,0.0
57,57,8,2,3,SR,-0.8,0.1,0.6129032258064516,1.0
58,58,8,3,3,SR,-0.8,0.1,0.4516129032258064,1.0
59,59,8,4,3,SR,-0.8,0.1,0.4838709677419355,1.0
60,60,8,5,3,SR,-0.8,0.1,0.7419354838709677,1.0
61,61,8,6,3,SR,-0.8,0.1,0.8064516129032258,1.0
62,62,8,7,3,SR,-0.8,0.1,0.7741935483870968,1.0
63,63,8,8,3,SR,-0.8,0.1,0.8064516129032258,1.0
64,0,1,1,3,SR,-0.7,0.1,0.6451612903225806,0.0
65,1,1,2,3,SR,-0.7,0.1,0.5806451612903226,0.0
66,2,1,3,3,SR,-0.7,0.1,0.6451612903225806,0.0
67,3,1,4,3,SR,-0.7,0.1,0.6129032258064516,0.0
68,4,1,5,3,SR,-0.7,0.1,0.4838709677419355,1.0
69,5,1,6,3,SR,-0.7,0.1,0.4838709677419355,1.0
70,6,1,7,3,SR,-0.7,0.1,0.4193548387096774,1.0
71,7,1,8,3,SR,-0.7,0.1,0.5161290322580645,1.0
72,8,2,1,3,SR,-0.7,0.1,0.5483870967741935,0.0
73,9,2,2,3,SR,-0.7,0.1,0.4838709677419355,0.0
74,10,2,3,3,SR,-0.7,0.1,0.5806451612903226,0.0
75,11,2,4,3,SR,-0.7,0.1,0.6129032258064516,0.0
76,12,2,5,3,SR,-0.7,0.1,0.6129032258064516,1.0
77,13,2,6,3,SR,-0.7,0.1,0.5483870967741935,1.0
78,14,2,7,3,SR,-0.7,0.1,0.4838709677419355,1.0
79,15,2,8,3,SR,-0.7,0.1,0.4838709677419355,1.0
80,16,3,1,3,SR,-0.7,0.1,0.5483870967741935,0.0
81,17,3,2,3,SR,-0.7,0.1,0.4193548387096774,0.0
82,18,3,3,3,SR,-0.7,0.1,0.4516129032258064,0.0
83,19,3,4,3,SR,-0.7,0.1,0.6129032258064516,1.0
84,20,3,5,3,SR,-0.7,0.1,0.5161290322580645,1.0
85,21,3,6,3,SR,-0.7,0.1,0.5806451612903226,1.0
86,22,3,7,3,SR,-0.7,0.1,0.3548387096774194,1.0
87,23,3,8,3,SR,-0.7,0.1,0.4838709677419355,1.0
88,24,4,1,3,SR,-0.7,0.1,0.3548387096774194,0.0
89,25,4,2,3,SR,-0.7,0.1,0.2903225806451613,0.0
90,26,4,3,3,SR,-0.7,0.1,0.4838709677419355,0.0
91,27,4,4,3,SR,-0.7,0.1,0.6451612903225806,1.0
92,28,4,5,3,SR,-0.7,0.1,0.4516129032258064,1.0
93,29,4,6,3,SR,-0.7,0.1,0.3548387096774194,1.0
94,30,4,7,3,SR,-0.7,0.1,0.3870967741935484,1.0
95,31,4,8,3,SR,-0.7,0.1,0.5483870967741935,1.0
96,32,5,1,3,SR,-0.7,0.1,0.4193548387096774,0.0
97,33,5,2,3,SR,-0.7,0.1,0.3870967741935484,0.0
98,34,5,3,3,SR,-0.7,0.1,0.6129032258064516,1.0
99,35,5,4,3,SR,-0.7,0.1,0.5806451612903226,1.0
100,36,5,5,3,SR,-0.7,0.1,0.4838709677419355,1.0
101,37,5,6,3,SR,-0.7,0.1,0.4838709677419355,1.0
102,38,5,7,3,SR,-0.7,0.1,0.4838709677419355,1.0
103,39,5,8,3,SR,-0.7,0.1,0.4516129032258064,1.0
104,40,6,1,3,SR,-0.7,0.1,0.6774193548387096,0.0
105,41,6,2,3,SR,-0.7,0.1,0.5806451612903226,0.0
106,42,6,3,3,SR,-0.7,0.1,0.6129032258064516,1.0
107,43,6,4,3,SR,-0.7,0.1,0.5483870967741935,1.0
108,44,6,5,3,SR,-0.7,0.1,0.6129032258064516,1.0
109,45,6,6,3,SR,-0.7,0.1,0.4193548387096774,1.0
110,46,6,7,3,SR,-0.7,0.1,0.5483870967741935,1.0
111,47,6,8,3,SR,-0.7,0.1,0.3870967741935484,1.0
112,48,7,1,3,SR,-0.7,0.1,0.7419354838709677,0.0
113,49,7,2,3,SR,-0.7,0.1,0.7096774193548387,1.0
114,50,7,3,3,SR,-0.7,0.1,0.5161290322580645,1.0
115,51,7,4,3,SR,-0.7,0.1,0.4838709677419355,1.0
116,52,7,5,3,SR,-0.7,0.1,0.5483870967741935,1.0
117,53,7,6,3,SR,-0.7,0.1,0.5483870967741935,1.0
118,54,7,7,3,SR,-0.7,0.1,0.4838709677419355,1.0
119,55,7,8,3,SR,-0.7,0.1,0.7096774193548387,1.0
120,56,8,1,3,SR,-0.7,0.1,0.8387096774193549,0.0
121,57,8,2,3,SR,-0.7,0.1,0.7741935483870968,1.0
122,58,8,3,3,SR,-0.7,0.1,0.6129032258064516,1.0
123,59,8,4,3,SR,-0.7,0.1,0.5483870967741935,1.0
124,60,8,5,3,SR,-0.7,0.1,0.7096774193548387,1.0
125,61,8,6,3,SR,-0.7,0.1,0.7419354838709677,1.0
126,62,8,7,3,SR,-0.7,0.1,0.6451612903225806,1.0
127,63,8,8,3,SR,-0.7,0.1,0.8064516129032258,1.0
128,0,1,1,3,SR,-0.6,0.1,0.5806451612903226,0.0
129,1,1,2,3,SR,-0.6,0.1,0.3870967741935484,0.0
130,2,1,3,3,SR,-0.6,0.1,0.4838709677419355,0.0
131,3,1,4,3,SR,-0.6,0.1,0.4516129032258064,0.0
132,4,1,5,3,SR,-0.6,0.1,0.5161290322580645,1.0
133,5,1,6,3,SR,-0.6,0.1,0.3548387096774194,1.0
134,6,1,7,3,SR,-0.6,0.1,0.6451612903225806,1.0
135,7,1,8,3,SR,-0.6,0.1,0.4838709677419355,1.0
136,8,2,1,3,SR,-0.6,0.1,0.6774193548387096,0.0
137,9,2,2,3,SR,-0.6,0.1,0.3225806451612903,0.0
138,10,2,3,3,SR,-0.6,0.1,0.4193548387096774,0.0
139,11,2,4,3,SR,-0.6,0.1,0.4193548387096774,0.0
140,12,2,5,3,SR,-0.6,0.1,0.5483870967741935,1.0
141,13,2,6,3,SR,-0.6,0.1,0.5806451612903226,1.0
142,14,2,7,3,SR,-0.6,0.1,0.5806451612903226,1.0
143,15,2,8,3,SR,-0.6,0.1,0.5806451612903226,1.0
144,16,3,1,3,SR,-0.6,0.1,0.5483870967741935,0.0
145,17,3,2,3,SR,-0.6,0.1,0.3548387096774194,0.0
146,18,3,3,3,SR,-0.6,0.1,0.5161290322580645,0.0
147,19,3,4,3,SR,-0.6,0.1,0.4516129032258064,1.0
148,20,3,5,3,SR,-0.6,0.1,0.4193548387096774,1.0
149,21,3,6,3,SR,-0.6,0.1,0.4193548387096774,1.0
150,22,3,7,3,SR,-0.6,0.1,0.3870967741935484,1.0
151,23,3,8,3,SR,-0.6,0.1,0.5161290322580645,1.0
152,24,4,1,3,SR,-0.6,0.1,0.4838709677419355,0.0
153,25,4,2,3,SR,-0.6,0.1,0.4516129032258064,0.0
154,26,4,3,3,SR,-0.6,0.1,0.5483870967741935,0.0
155,27,4,4,3,SR,-0.6,0.1,0.5483870967741935,1.0
156,28,4,5,3,SR,-0.6,0.1,0.3870967741935484,1.0
157,29,4,6,3,SR,-0.6,0.1,0.3548387096774194,1.0
158,30,4,7,3,SR,-0.6,0.1,0.3870967741935484,1.0
159,31,4,8,3,SR,-0.6,0.1,0.4838709677419355,1.0
160,32,5,1,3,SR,-0.6,0.1,0.6129032258064516,0.0
161,33,5,2,3,SR,-0.6,0.1,0.5806451612903226,0.0
162,34,5,3,3,SR,-0.6,0.1,0.4838709677419355,1.0
163,35,5,4,3,SR,-0.6,0.1,0.3870967741935484,1.0
164,36,5,5,3,SR,-0.6,0.1,0.3870967741935484,1.0
165,37,5,6,3,SR,-0.6,0.1,0.2580645161290322,1.0
166,38,5,7,3,SR,-0.6,0.1,0.4193548387096774,1.0
167,39,5,8,3,SR,-0.6,0.1,0.4838709677419355,1.0
168,40,6,1,3,SR,-0.6,0.1,0.5806451612903226,0.0
169,41,6,2,3,SR,-0.6,0.1,0.6129032258064516,0.0
170,42,6,3,3,SR,-0.6,0.1,0.5161290322580645,1.0
171,43,6,4,3,SR,-0.6,0.1,0.5161290322580645,1.0
172,44,6,5,3,SR,-0.6,0.1,0.4516129032258064,1.0
173,45,6,6,3,SR,-0.6,0.1,0.3870967741935484,1.0
174,46,6,7,3,SR,-0.6,0.1,0.3548387096774194,1.0
175,47,6,8,3,SR,-0.6,0.1,0.5483870967741935,1.0
176,48,7,1,3,SR,-0.6,0.1,0.5483870967741935,0.0
177,49,7,2,3,SR,-0.6,0.1,0.4516129032258064,1.0
178,50,7,3,3,SR,-0.6,0.1,0.5483870967741935,1.0
179,51,7,4,3,SR,-0.6,0.1,0.4193548387096774,1.0
180,52,7,5,3,SR,-0.6,0.1,0.3870967741935484,1.0
181,53,7,6,3,SR,-0.6,0.1,0.5161290322580645,1.0
182,54,7,7,3,SR,-0.6,0.1,0.6451612903225806,1.0
183,55,7,8,3,SR,-0.6,0.1,0.8064516129032258,1.0
184,56,8,1,3,SR,-0.6,0.1,0.7419354838709677,0.0
185,57,8,2,3,SR,-0.6,0.1,0.7741935483870968,1.0
186,58,8,3,3,SR,-0.6,0.1,0.5483870967741935,1.0
187,59,8,4,3,SR,-0.6,0.1,0.4838709677419355,1.0
188,60,8,5,3,SR,-0.6,0.1,0.5806451612903226,1.0
189,61,8,6,3,SR,-0.6,0.1,0.5483870967741935,1.0
190,62,8,7,3,SR,-0.6,0.1,0.6774193548387096,1.0
191,63,8,8,3,SR,-0.6,0.1,0.8387096774193549,1.0
192,0,1,1,3,SR,-0.5,0.1,0.4838709677419355,0.0
193,1,1,2,3,SR,-0.5,0.1,0.6451612903225806,0.0
194,2,1,3,3,SR,-0.5,0.1,0.3548387096774194,0.0
195,3,1,4,3,SR,-0.5,0.1,0.5483870967741935,0.0
196,4,1,5,3,SR,-0.5,0.1,0.4193548387096774,1.0
197,5,1,6,3,SR,-0.5,0.1,0.5161290322580645,1.0
198,6,1,7,3,SR,-0.5,0.1,0.5806451612903226,1.0
199,7,1,8,3,SR,-0.5,0.1,0.5483870967741935,1.0
200,8,2,1,3,SR,-0.5,0.1,0.4838709677419355,0.0
201,9,2,2,3,SR,-0.5,0.1,0.4516129032258064,0.0
202,10,2,3,3,SR,-0.5,0.1,0.4193548387096774,0.0
203,11,2,4,3,SR,-0.5,0.1,0.4516129032258064,0.0
204,12,2,5,3,SR,-0.5,0.1,0.4838709677419355,1.0
205,13,2,6,3,SR,-0.5,0.1,0.5483870967741935,1.0
206,14,2,7,3,SR,-0.5,0.1,0.5806451612903226,1.0
207,15,2,8,3,SR,-0.5,0.1,0.5806451612903226,1.0
208,16,3,1,3,SR,-0.5,0.1,0.5483870967741935,0.0
209,17,3,2,3,SR,-0.5,0.1,0.4838709677419355,0.0
210,18,3,3,3,SR,-0.5,0.1,0.4838709677419355,0.0
211,19,3,4,3,SR,-0.5,0.1,0.4516129032258064,1.0
212,20,3,5,3,SR,-0.5,0.1,0.3548387096774194,1.0
213,21,3,6,3,SR,-0.5,0.1,0.4193548387096774,1.0
214,22,3,7,3,SR,-0.5,0.1,0.3870967741935484,1.0
215,23,3,8,3,SR,-0.5,0.1,0.5483870967741935,1.0
216,24,4,1,3,SR,-0.5,0.1,0.3870967741935484,0.0
217,25,4,2,3,SR,-0.5,0.1,0.4193548387096774,0.0
218,26,4,3,3,SR,-0.5,0.1,0.3870967741935484,0.0
219,27,4,4,3,SR,-0.5,0.1,0.4838709677419355,1.0
220,28,4,5,3,SR,-0.5,0.1,0.4193548387096774,1.0
221,29,4,6,3,SR,-0.5,0.1,0.5806451612903226,1.0
222,30,4,7,3,SR,-0.5,0.1,0.4516129032258064,1.0
223,31,4,8,3,SR,-0.5,0.1,0.5161290322580645,1.0
224,32,5,1,3,SR,-0.5,0.1,0.4516129032258064,0.0
225,33,5,2,3,SR,-0.5,0.1,0.4516129032258064,0.0
226,34,5,3,3,SR,-0.5,0.1,0.6129032258064516,1.0
227,35,5,4,3,SR,-0.5,0.1,0.5483870967741935,1.0
228,36,5,5,3,SR,-0.5,0.1,0.4838709677419355,1.0
229,37,5,6,3,SR,-0.5,0.1,0.5161290322580645,1.0
230,38,5,7,3,SR,-0.5,0.1,0.4193548387096774,1.0
231,39,5,8,3,SR,-0.5,0.1,0.4193548387096774,1.0
232,40,6,1,3,SR,-0.5,0.1,0.5806451612903226,0.0
233,41,6,2,3,SR,-0.5,0.1,0.4193548387096774,0.0
234,42,6,3,3,SR,-0.5,0.1,0.5161290322580645,1.0
235,43,6,4,3,SR,-0.5,0.1,0.5483870967741935,1.0
236,44,6,5,3,SR,-0.5,0.1,0.5161290322580645,1.0
237,45,6,6,3,SR,-0.5,0.1,0.7419354838709677,1.0
238,46,6,7,3,SR,-0.5,0.1,0.6451612903225806,1.0
239,47,6,8,3,SR,-0.5,0.1,0.6129032258064516,1.0
240,48,7,1,3,SR,-0.5,0.1,0.4193548387096774,0.0
241,49,7,2,3,SR,-0.5,0.1,0.4193548387096774,1.0
242,50,7,3,3,SR,-0.5,0.1,0.5161290322580645,1.0
243,51,7,4,3,SR,-0.5,0.1,0.3870967741935484,1.0
244,52,7,5,3,SR,-0.5,0.1,0.5161290322580645,1.0
245,53,7,6,3,SR,-0.5,0.1,0.4516129032258064,1.0
246,54,7,7,3,SR,-0.5,0.1,0.4193548387096774,1.0
247,55,7,8,3,SR,-0.5,0.1,0.6129032258064516,1.0
248,56,8,1,3,SR,-0.5,0.1,0.8064516129032258,0.0
249,57,8,2,3,SR,-0.5,0.1,0.8064516129032258,1.0
250,58,8,3,3,SR,-0.5,0.1,0.4838709677419355,1.0
251,59,8,4,3,SR,-0.5,0.1,0.4193548387096774,1.0
252,60,8,5,3,SR,-0.5,0.1,0.5161290322580645,1.0
253,61,8,6,3,SR,-0.5,0.1,0.6129032258064516,1.0
254,62,8,7,3,SR,-0.5,0.1,0.6774193548387096,1.0
255,63,8,8,3,SR,-0.5,0.1,0.7419354838709677,1.0
256,0,1,1,3,SR,-0.4,0.1,0.5806451612903226,0.0
257,1,1,2,3,SR,-0.4,0.1,0.5806451612903226,0.0
258,2,1,3,3,SR,-0.4,0.1,0.4516129032258064,0.0
259,3,1,4,3,SR,-0.4,0.1,0.5161290322580645,0.0
260,4,1,5,3,SR,-0.4,0.1,0.4193548387096774,1.0
261,5,1,6,3,SR,-0.4,0.1,0.5483870967741935,1.0
262,6,1,7,3,SR,-0.4,0.1,0.3870967741935484,1.0
263,7,1,8,3,SR,-0.4,0.1,0.4838709677419355,1.0
264,8,2,1,3,SR,-0.4,0.1,0.6129032258064516,0.0
265,9,2,2,3,SR,-0.4,0.1,0.3548387096774194,0.0
266,10,2,3,3,SR,-0.4,0.1,0.4193548387096774,0.0
267,11,2,4,3,SR,-0.4,0.1,0.4838709677419355,0.0
268,12,2,5,3,SR,-0.4,0.1,0.3225806451612903,1.0
269,13,2,6,3,SR,-0.4,0.1,0.4838709677419355,1.0
270,14,2,7,3,SR,-0.4,0.1,0.4193548387096774,1.0
271,15,2,8,3,SR,-0.4,0.1,0.4193548387096774,1.0
272,16,3,1,3,SR,-0.4,0.1,0.3870967741935484,0.0
273,17,3,2,3,SR,-0.4,0.1,0.4516129032258064,0.0
274,18,3,3,3,SR,-0.4,0.1,0.5161290322580645,0.0
275,19,3,4,3,SR,-0.4,0.1,0.5483870967741935,1.0
276,20,3,5,3,SR,-0.4,0.1,0.4193548387096774,1.0
277,21,3,6,3,SR,-0.4,0.1,0.4516129032258064,1.0
278,22,3,7,3,SR,-0.4,0.1,0.4838709677419355,1.0
279,23,3,8,3,SR,-0.4,0.1,0.4838709677419355,1.0
280,24,4,1,3,SR,-0.4,0.1,0.5483870967741935,0.0
281,25,4,2,3,SR,-0.4,0.1,0.5483870967741935,0.0
282,26,4,3,3,SR,-0.4,0.1,0.5161290322580645,0.0
283,27,4,4,3,SR,-0.4,0.1,0.6129032258064516,1.0
284,28,4,5,3,SR,-0.4,0.1,0.4838709677419355,1.0
285,29,4,6,3,SR,-0.4,0.1,0.3870967741935484,1.0
286,30,4,7,3,SR,-0.4,0.1,0.5161290322580645,1.0
287,31,4,8,3,SR,-0.4,0.1,0.5806451612903226,1.0
288,32,5,1,3,SR,-0.4,0.1,0.5806451612903226,0.0
289,33,5,2,3,SR,-0.4,0.1,0.6451612903225806,0.0
290,34,5,3,3,SR,-0.4,0.1,0.5161290322580645,1.0
291,35,5,4,3,SR,-0.4,0.1,0.6129032258064516,1.0
292,36,5,5,3,SR,-0.4,0.1,0.3225806451612903,1.0
293,37,5,6,3,SR,-0.4,0.1,0.3548387096774194,1.0
294,38,5,7,3,SR,-0.4,0.1,0.5806451612903226,1.0
295,39,5,8,3,SR,-0.4,0.1,0.5806451612903226,1.0
296,40,6,1,3,SR,-0.4,0.1,0.6774193548387096,0.0
297,41,6,2,3,SR,-0.4,0.1,0.6774193548387096,0.0
298,42,6,3,3,SR,-0.4,0.1,0.4516129032258064,1.0
299,43,6,4,3,SR,-0.4,0.1,0.4838709677419355,1.0
300,44,6,5,3,SR,-0.4,0.1,0.4838709677419355,1.0
301,45,6,6,3,SR,-0.4,0.1,0.5483870967741935,1.0
302,46,6,7,3,SR,-0.4,0.1,0.4838709677419355,1.0
303,47,6,8,3,SR,-0.4,0.1,0.5161290322580645,1.0
304,48,7,1,3,SR,-0.4,0.1,0.5161290322580645,0.0
305,49,7,2,3,SR,-0.4,0.1,0.5483870967741935,1.0
306,50,7,3,3,SR,-0.4,0.1,0.4838709677419355,1.0
307,51,7,4,3,SR,-0.4,0.1,0.5161290322580645,1.0
308,52,7,5,3,SR,-0.4,0.1,0.4516129032258064,1.0
309,53,7,6,3,SR,-0.4,0.1,0.5806451612903226,1.0
310,54,7,7,3,SR,-0.4,0.1,0.6451612903225806,1.0
311,55,7,8,3,SR,-0.4,0.1,0.6129032258064516,1.0
312,56,8,1,3,SR,-0.4,0.1,0.7096774193548387,0.0
313,57,8,2,3,SR,-0.4,0.1,0.7419354838709677,1.0
314,58,8,3,3,SR,-0.4,0.1,0.4193548387096774,1.0
315,59,8,4,3,SR,-0.4,0.1,0.5161290322580645,1.0
316,60,8,5,3,SR,-0.4,0.1,0.6129032258064516,1.0
317,61,8,6,3,SR,-0.4,0.1,0.5483870967741935,1.0
318,62,8,7,3,SR,-0.4,0.1,0.6129032258064516,1.0
319,63,8,8,3,SR,-0.4,0.1,0.5483870967741935,1.0
320,0,1,1,3,SR,-0.3,0.1,0.6129032258064516,0.0
321,1,1,2,3,SR,-0.3,0.1,0.3870967741935484,0.0
322,2,1,3,3,SR,-0.3,0.1,0.5483870967741935,0.0
323,3,1,4,3,SR,-0.3,0.1,0.7096774193548387,0.0
324,4,1,5,3,SR,-0.3,0.1,0.6451612903225806,1.0
325,5,1,6,3,SR,-0.3,0.1,0.6774193548387096,1.0
326,6,1,7,3,SR,-0.3,0.1,0.4838709677419355,1.0
327,7,1,8,3,SR,-0.3,0.1,0.3870967741935484,1.0
328,8,2,1,3,SR,-0.3,0.1,0.7741935483870968,0.0
329,9,2,2,3,SR,-0.3,0.1,0.4193548387096774,0.0
330,10,2,3,3,SR,-0.3,0.1,0.5161290322580645,0.0
331,11,2,4,3,SR,-0.3,0.1,0.5806451612903226,0.0
332,12,2,5,3,SR,-0.3,0.1,0.5161290322580645,1.0
333,13,2,6,3,SR,-0.3,0.1,0.5161290322580645,1.0
334,14,2,7,3,SR,-0.3,0.1,0.4193548387096774,1.0
335,15,2,8,3,SR,-0.3,0.1,0.6129032258064516,1.0
336,16,3,1,3,SR,-0.3,0.1,0.6774193548387096,0.0
337,17,3,2,3,SR,-0.3,0.1,0.5483870967741935,0.0
338,18,3,3,3,SR,-0.3,0.1,0.5161290322580645,0.0
339,19,3,4,3,SR,-0.3,0.1,0.3225806451612903,1.0
340,20,3,5,3,SR,-0.3,0.1,0.3870967741935484,1.0
341,21,3,6,3,SR,-0.3,0.1,0.4193548387096774,1.0
342,22,3,7,3,SR,-0.3,0.1,0.4516129032258064,1.0
343,23,3,8,3,SR,-0.3,0.1,0.6451612903225806,1.0
344,24,4,1,3,SR,-0.3,0.1,0.8064516129032258,0.0
345,25,4,2,3,SR,-0.3,0.1,0.4838709677419355,0.0
346,26,4,3,3,SR,-0.3,0.1,0.5483870967741935,0.0
347,27,4,4,3,SR,-0.3,0.1,0.5161290322580645,1.0
348,28,4,5,3,SR,-0.3,0.1,0.4193548387096774,1.0
349,29,4,6,3,SR,-0.3,0.1,0.3870967741935484,1.0
350,30,4,7,3,SR,-0.3,0.1,0.5161290322580645,1.0
351,31,4,8,3,SR,-0.3,0.1,0.5806451612903226,1.0
352,32,5,1,3,SR,-0.3,0.1,0.5806451612903226,0.0
353,33,5,2,3,SR,-0.3,0.1,0.4838709677419355,0.0
354,34,5,3,3,SR,-0.3,0.1,0.5161290322580645,1.0
355,35,5,4,3,SR,-0.3,0.1,0.6129032258064516,1.0
356,36,5,5,3,SR,-0.3,0.1,0.5483870967741935,1.0
357,37,5,6,3,SR,-0.3,0.1,0.4516129032258064,1.0
358,38,5,7,3,SR,-0.3,0.1,0.6129032258064516,1.0
359,39,5,8,3,SR,-0.3,0.1,0.6129032258064516,1.0
360,40,6,1,3,SR,-0.3,0.1,0.6129032258064516,0.0
361,41,6,2,3,SR,-0.3,0.1,0.6129032258064516,0.0
362,42,6,3,3,SR,-0.3,0.1,0.4516129032258064,1.0
363,43,6,4,3,SR,-0.3,0.1,0.6129032258064516,1.0
364,44,6,5,3,SR,-0.3,0.1,0.5483870967741935,1.0
365,45,6,6,3,SR,-0.3,0.1,0.4516129032258064,1.0
366,46,6,7,3,SR,-0.3,0.1,0.4193548387096774,1.0
367,47,6,8,3,SR,-0.3,0.1,0.4516129032258064,1.0
368,48,7,1,3,SR,-0.3,0.1,0.6451612903225806,0.0
369,49,7,2,3,SR,-0.3,0.1,0.4193548387096774,1.0
370,50,7,3,3,SR,-0.3,0.1,0.5806451612903226,1.0
371,51,7,4,3,SR,-0.3,0.1,0.6774193548387096,1.0
372,52,7,5,3,SR,-0.3,0.1,0.6451612903225806,1.0
373,53,7,6,3,SR,-0.3,0.1,0.4516129032258064,1.0
374,54,7,7,3,SR,-0.3,0.1,0.4516129032258064,1.0
375,55,7,8,3,SR,-0.3,0.1,0.5483870967741935,1.0
376,56,8,1,3,SR,-0.3,0.1,0.7096774193548387,0.0
377,57,8,2,3,SR,-0.3,0.1,0.6774193548387096,1.0
378,58,8,3,3,SR,-0.3,0.1,0.5806451612903226,1.0
379,59,8,4,3,SR,-0.3,0.1,0.4838709677419355,1.0
380,60,8,5,3,SR,-0.3,0.1,0.5483870967741935,1.0
381,61,8,6,3,SR,-0.3,0.1,0.4516129032258064,1.0
382,62,8,7,3,SR,-0.3,0.1,0.6129032258064516,1.0
383,63,8,8,3,SR,-0.3,0.1,0.6774193548387096,1.0
384,0,1,1,3,SR,-0.2,0.1,0.5806451612903226,0.0
385,1,1,2,3,SR,-0.2,0.1,0.4193548387096774,0.0
386,2,1,3,3,SR,-0.2,0.1,0.4838709677419355,0.0
387,3,1,4,3,SR,-0.2,0.1,0.6129032258064516,0.0
388,4,1,5,3,SR,-0.2,0.1,0.5483870967741935,1.0
389,5,1,6,3,SR,-0.2,0.1,0.7096774193548387,1.0
390,6,1,7,3,SR,-0.2,0.1,0.6451612903225806,1.0
391,7,1,8,3,SR,-0.2,0.1,0.6129032258064516,1.0
392,8,2,1,3,SR,-0.2,0.1,0.6129032258064516,0.0
393,9,2,2,3,SR,-0.2,0.1,0.6129032258064516,0.0
394,10,2,3,3,SR,-0.2,0.1,0.5806451612903226,0.0
395,11,2,4,3,SR,-0.2,0.1,0.5483870967741935,0.0
396,12,2,5,3,SR,-0.2,0.1,0.5161290322580645,1.0
397,13,2,6,3,SR,-0.2,0.1,0.6129032258064516,1.0
398,14,2,7,3,SR,-0.2,0.1,0.5806451612903226,1.0
399,15,2,8,3,SR,-0.2,0.1,0.6451612903225806,1.0
400,16,3,1,3,SR,-0.2,0.1,0.6451612903225806,0.0
401,17,3,2,3,SR,-0.2,0.1,0.5806451612903226,0.0
402,18,3,3,3,SR,-0.2,0.1,0.5161290322580645,0.0
403,19,3,4,3,SR,-0.2,0.1,0.4838709677419355,1.0
404,20,3,5,3,SR,-0.2,0.1,0.4193548387096774,1.0
405,21,3,6,3,SR,-0.2,0.1,0.6451612903225806,1.0
406,22,3,7,3,SR,-0.2,0.1,0.6129032258064516,1.0
407,23,3,8,3,SR,-0.2,0.1,0.5483870967741935,1.0
408,24,4,1,3,SR,-0.2,0.1,0.7741935483870968,0.0
409,25,4,2,3,SR,-0.2,0.1,0.6129032258064516,0.0
410,26,4,3,3,SR,-0.2,0.1,0.6451612903225806,0.0
411,27,4,4,3,SR,-0.2,0.1,0.4838709677419355,1.0
412,28,4,5,3,SR,-0.2,0.1,0.5806451612903226,1.0
413,29,4,6,3,SR,-0.2,0.1,0.5483870967741935,1.0
414,30,4,7,3,SR,-0.2,0.1,0.6129032258064516,1.0
415,31,4,8,3,SR,-0.2,0.1,0.6774193548387096,1.0
416,32,5,1,3,SR,-0.2,0.1,0.5483870967741935,0.0
417,33,5,2,3,SR,-0.2,0.1,0.6129032258064516,0.0
418,34,5,3,3,SR,-0.2,0.1,0.6129032258064516,1.0
419,35,5,4,3,SR,-0.2,0.1,0.4838709677419355,1.0
420,36,5,5,3,SR,-0.2,0.1,0.5806451612903226,1.0
421,37,5,6,3,SR,-0.2,0.1,0.5483870967741935,1.0
422,38,5,7,3,SR,-0.2,0.1,0.5161290322580645,1.0
423,39,5,8,3,SR,-0.2,0.1,0.7096774193548387,1.0
424,40,6,1,3,SR,-0.2,0.1,0.5483870967741935,0.0
425,41,6,2,3,SR,-0.2,0.1,0.6129032258064516,0.0
426,42,6,3,3,SR,-0.2,0.1,0.6129032258064516,1.0
427,43,6,4,3,SR,-0.2,0.1,0.5483870967741935,1.0
428,44,6,5,3,SR,-0.2,0.1,0.5483870967741935,1.0
429,45,6,6,3,SR,-0.2,0.1,0.5806451612903226,1.0
430,46,6,7,3,SR,-0.2,0.1,0.4838709677419355,1.0
431,47,6,8,3,SR,-0.2,0.1,0.5806451612903226,1.0
432,48,7,1,3,SR,-0.2,0.1,0.6774193548387096,0.0
433,49,7,2,3,SR,-0.2,0.1,0.5806451612903226,1.0
434,50,7,3,3,SR,-0.2,0.1,0.6774193548387096,1.0
435,51,7,4,3,SR,-0.2,0.1,0.5483870967741935,1.0
436,52,7,5,3,SR,-0.2,0.1,0.5806451612903226,1.0
437,53,7,6,3,SR,-0.2,0.1,0.4516129032258064,1.0
438,54,7,7,3,SR,-0.2,0.1,0.5161290322580645,1.0
439,55,7,8,3,SR,-0.2,0.1,0.4838709677419355,1.0
440,56,8,1,3,SR,-0.2,0.1,0.8064516129032258,0.0
441,57,8,2,3,SR,-0.2,0.1,0.6451612903225806,1.0
442,58,8,3,3,SR,-0.2,0.1,0.5483870967741935,1.0
443,59,8,4,3,SR,-0.2,0.1,0.4516129032258064,1.0
444,60,8,5,3,SR,-0.2,0.1,0.6451612903225806,1.0
445,61,8,6,3,SR,-0.2,0.1,0.5161290322580645,1.0
446,62,8,7,3,SR,-0.2,0.1,0.3548387096774194,1.0
447,63,8,8,3,SR,-0.2,0.1,0.4193548387096774,1.0
448,0,1,1,3,SR,-0.1,0.1,0.6129032258064516,0.0
449,1,1,2,3,SR,-0.1,0.1,0.4838709677419355,0.0
450,2,1,3,3,SR,-0.1,0.1,0.4516129032258064,0.0
451,3,1,4,3,SR,-0.1,0.1,0.5806451612903226,0.0
452,4,1,5,3,SR,-0.1,0.1,0.5483870967741935,1.0
453,5,1,6,3,SR,-0.1,0.1,0.4516129032258064,1.0
454,6,1,7,3,SR,-0.1,0.1,0.4516129032258064,1.0
455,7,1,8,3,SR,-0.1,0.1,0.4838709677419355,1.0
456,8,2,1,3,SR,-0.1,0.1,0.6129032258064516,0.0
457,9,2,2,3,SR,-0.1,0.1,0.5483870967741935,0.0
458,10,2,3,3,SR,-0.1,0.1,0.5483870967741935,0.0
459,11,2,4,3,SR,-0.1,0.1,0.4516129032258064,0.0
460,12,2,5,3,SR,-0.1,0.1,0.5161290322580645,1.0
461,13,2,6,3,SR,-0.1,0.1,0.6451612903225806,1.0
462,14,2,7,3,SR,-0.1,0.1,0.4838709677419355,1.0
463,15,2,8,3,SR,-0.1,0.1,0.5161290322580645,1.0
464,16,3,1,3,SR,-0.1,0.1,0.5161290322580645,0.0
465,17,3,2,3,SR,-0.1,0.1,0.5806451612903226,0.0
466,18,3,3,3,SR,-0.1,0.1,0.5161290322580645,0.0
467,19,3,4,3,SR,-0.1,0.1,0.6451612903225806,1.0
468,20,3,5,3,SR,-0.1,0.1,0.6129032258064516,1.0
469,21,3,6,3,SR,-0.1,0.1,0.5483870967741935,1.0
470,22,3,7,3,SR,-0.1,0.1,0.4838709677419355,1.0
471,23,3,8,3,SR,-0.1,0.1,0.4516129032258064,1.0
472,24,4,1,3,SR,-0.1,0.1,0.5806451612903226,0.0
473,25,4,2,3,SR,-0.1,0.1,0.5483870967741935,0.0
474,26,4,3,3,SR,-0.1,0.1,0.5806451612903226,0.0
475,27,4,4,3,SR,-0.1,0.1,0.5161290322580645,1.0
476,28,4,5,3,SR,-0.1,0.1,0.5161290322580645,1.0
477,29,4,6,3,SR,-0.1,0.1,0.6129032258064516,1.0
478,30,4,7,3,SR,-0.1,0.1,0.5161290322580645,1.0
479,31,4,8,3,SR,-0.1,0.1,0.3870967741935484,1.0
480,32,5,1,3,SR,-0.1,0.1,0.5806451612903226,0.0
481,33,5,2,3,SR,-0.1,0.1,0.6129032258064516,0.0
482,34,5,3,3,SR,-0.1,0.1,0.7096774193548387,1.0
483,35,5,4,3,SR,-0.1,0.1,0.5806451612903226,1.0
484,36,5,5,3,SR,-0.1,0.1,0.4516129032258064,1.0
485,37,5,6,3,SR,-0.1,0.1,0.3870967741935484,1.0
486,38,5,7,3,SR,-0.1,0.1,0.5483870967741935,1.0
487,39,5,8,3,SR,-0.1,0.1,0.4838709677419355,1.0
488,40,6,1,3,SR,-0.1,0.1,0.6451612903225806,0.0
489,41,6,2,3,SR,-0.1,0.1,0.4838709677419355,0.0
490,42,6,3,3,SR,-0.1,0.1,0.7096774193548387,1.0
491,43,6,4,3,SR,-0.1,0.1,0.6451612903225806,1.0
492,44,6,5,3,SR,-0.1,0.1,0.5161290322580645,1.0
493,45,6,6,3,SR,-0.1,0.1,0.5806451612903226,1.0
494,46,6,7,3,SR,-0.1,0.1,0.5483870967741935,1.0
495,47,6,8,3,SR,-0.1,0.1,0.6451612903225806,1.0
496,48,7,1,3,SR,-0.1,0.1,0.6451612903225806,0.0
497,49,7,2,3,SR,-0.1,0.1,0.6129032258064516,1.0
498,50,7,3,3,SR,-0.1,0.1,0.6451612903225806,1.0
499,51,7,4,3,SR,-0.1,0.1,0.5483870967741935,1.0
500,52,7,5,3,SR,-0.1,0.1,0.3870967741935484,1.0
501,53,7,6,3,SR,-0.1,0.1,0.5161290322580645,1.0
502,54,7,7,3,SR,-0.1,0.1,0.5483870967741935,1.0
503,55,7,8,3,SR,-0.1,0.1,0.5161290322580645,1.0
504,56,8,1,3,SR,-0.1,0.1,0.7419354838709677,0.0
505,57,8,2,3,SR,-0.1,0.1,0.5161290322580645,1.0
506,58,8,3,3,SR,-0.1,0.1,0.5161290322580645,1.0
507,59,8,4,3,SR,-0.1,0.1,0.6129032258064516,1.0
508,60,8,5,3,SR,-0.1,0.1,0.6129032258064516,1.0
509,61,8,6,3,SR,-0.1,0.1,0.7096774193548387,1.0
510,62,8,7,3,SR,-0.1,0.1,0.6451612903225806,1.0
511,63,8,8,3,SR,-0.1,0.1,0.6451612903225806,1.0
512,0,1,1,3,SR,0.0,0.1,0.4838709677419355,0.0
513,1,1,2,3,SR,0.0,0.1,0.4193548387096774,0.0
514,2,1,3,3,SR,0.0,0.1,0.5483870967741935,0.0
515,3,1,4,3,SR,0.0,0.1,0.6129032258064516,0.0
516,4,1,5,3,SR,0.0,0.1,0.6451612903225806,1.0
517,5,1,6,3,SR,0.0,0.1,0.6451612903225806,1.0
518,6,1,7,3,SR,0.0,0.1,0.6451612903225806,1.0
519,7,1,8,3,SR,0.0,0.1,0.6129032258064516,1.0
520,8,2,1,3,SR,0.0,0.1,0.5483870967741935,0.0
521,9,2,2,3,SR,0.0,0.1,0.6129032258064516,0.0
522,10,2,3,3,SR,0.0,0.1,0.7419354838709677,0.0
523,11,2,4,3,SR,0.0,0.1,0.6451612903225806,0.0
524,12,2,5,3,SR,0.0,0.1,0.7096774193548387,1.0
525,13,2,6,3,SR,0.0,0.1,0.5483870967741935,1.0
526,14,2,7,3,SR,0.0,0.1,0.7096774193548387,1.0
527,15,2,8,3,SR,0.0,0.1,0.5161290322580645,1.0
528,16,3,1,3,SR,0.0,0.1,0.6129032258064516,0.0
529,17,3,2,3,SR,0.0,0.1,0.6129032258064516,0.0
530,18,3,3,3,SR,0.0,0.1,0.6774193548387096,0.0
531,19,3,4,3,SR,0.0,0.1,0.6129032258064516,1.0
532,20,3,5,3,SR,0.0,0.1,0.6451612903225806,1.0
533,21,3,6,3,SR,0.0,0.1,0.5161290322580645,1.0
534,22,3,7,3,SR,0.0,0.1,0.6774193548387096,1.0
535,23,3,8,3,SR,0.0,0.1,0.5483870967741935,1.0
536,24,4,1,3,SR,0.0,0.1,0.5483870967741935,0.0
537,25,4,2,3,SR,0.0,0.1,0.6451612903225806,0.0
538,26,4,3,3,SR,0.0,0.1,0.5806451612903226,0.0
539,27,4,4,3,SR,0.0,0.1,0.6774193548387096,1.0
540,28,4,5,3,SR,0.0,0.1,0.6129032258064516,1.0
541,29,4,6,3,SR,0.0,0.1,0.7419354838709677,1.0
542,30,4,7,3,SR,0.0,0.1,0.6774193548387096,1.0
543,31,4,8,3,SR,0.0,0.1,0.6451612903225806,1.0
544,32,5,1,3,SR,0.0,0.1,0.7741935483870968,0.0
545,33,5,2,3,SR,0.0,0.1,0.7741935483870968,0.0
546,34,5,3,3,SR,0.0,0.1,0.6774193548387096,1.0
547,35,5,4,3,SR,0.0,0.1,0.6774193548387096,1.0
548,36,5,5,3,SR,0.0,0.1,0.7741935483870968,1.0
549,37,5,6,3,SR,0.0,0.1,0.5161290322580645,1.0
550,38,5,7,3,SR,0.0,0.1,0.6129032258064516,1.0
551,39,5,8,3,SR,0.0,0.1,0.6774193548387096,1.0
552,40,6,1,3,SR,0.0,0.1,0.7741935483870968,0.0
553,41,6,2,3,SR,0.0,0.1,0.7096774193548387,0.0
554,42,6,3,3,SR,0.0,0.1,0.6451612903225806,1.0
555,43,6,4,3,SR,0.0,0.1,0.7096774193548387,1.0
556,44,6,5,3,SR,0.0,0.1,0.7096774193548387,1.0
557,45,6,6,3,SR,0.0,0.1,0.5806451612903226,1.0
558,46,6,7,3,SR,0.0,0.1,0.5483870967741935,1.0
559,47,6,8,3,SR,0.0,0.1,0.6774193548387096,1.0
560,48,7,1,3,SR,0.0,0.1,0.8709677419354839,0.0
561,49,7,2,3,SR,0.0,0.1,0.8709677419354839,1.0
562,50,7,3,3,SR,0.0,0.1,0.7741935483870968,1.0
563,51,7,4,3,SR,0.0,0.1,0.6774193548387096,1.0
564,52,7,5,3,SR,0.0,0.1,0.6451612903225806,1.0
565,53,7,6,3,SR,0.0,0.1,0.5483870967741935,1.0
566,54,7,7,3,SR,0.0,0.1,0.6774193548387096,1.0
567,55,7,8,3,SR,0.0,0.1,0.7419354838709677,1.0
568,56,8,1,3,SR,0.0,0.1,0.8709677419354839,0.0
569,57,8,2,3,SR,0.0,0.1,0.7096774193548387,1.0
570,58,8,3,3,SR,0.0,0.1,0.6129032258064516,1.0
571,59,8,4,3,SR,0.0,0.1,0.7419354838709677,1.0
572,60,8,5,3,SR,0.0,0.1,0.8709677419354839,1.0
573,61,8,6,3,SR,0.0,0.1,0.8064516129032258,1.0
574,62,8,7,3,SR,0.0,0.1,0.8064516129032258,1.0
575,63,8,8,3,SR,0.0,0.1,0.7096774193548387,1.0
576,0,1,1,3,SR,0.1,0.1,0.5483870967741935,0.0
577,1,1,2,3,SR,0.1,0.1,0.4516129032258064,0.0
578,2,1,3,3,SR,0.1,0.1,0.5806451612903226,0.0
579,3,1,4,3,SR,0.1,0.1,0.6129032258064516,0.0
580,4,1,5,3,SR,0.1,0.1,0.5483870967741935,1.0
581,5,1,6,3,SR,0.1,0.1,0.5161290322580645,1.0
582,6,1,7,3,SR,0.1,0.1,0.7419354838709677,1.0
583,7,1,8,3,SR,0.1,0.1,0.7096774193548387,1.0
584,8,2,1,3,SR,0.1,0.1,0.5161290322580645,0.0
585,9,2,2,3,SR,0.1,0.1,0.6129032258064516,0.0
586,10,2,3,3,SR,0.1,0.1,0.6451612903225806,0.0
587,11,2,4,3,SR,0.1,0.1,0.5806451612903226,0.0
588,12,2,5,3,SR,0.1,0.1,0.6451612903225806,1.0
589,13,2,6,3,SR,0.1,0.1,0.4516129032258064,1.0
590,14,2,7,3,SR,0.1,0.1,0.6129032258064516,1.0
591,15,2,8,3,SR,0.1,0.1,0.6774193548387096,1.0
592,16,3,1,3,SR,0.1,0.1,0.5161290322580645,0.0
593,17,3,2,3,SR,0.1,0.1,0.7096774193548387,0.0
594,18,3,3,3,SR,0.1,0.1,0.7419354838709677,0.0
595,19,3,4,3,SR,0.1,0.1,0.6129032258064516,1.0
596,20,3,5,3,SR,0.1,0.1,0.6451612903225806,1.0
597,21,3,6,3,SR,0.1,0.1,0.4193548387096774,1.0
598,22,3,7,3,SR,0.1,0.1,0.6774193548387096,1.0
599,23,3,8,3,SR,0.1,0.1,0.7096774193548387,1.0
600,24,4,1,3,SR,0.1,0.1,0.6451612903225806,0.0
601,25,4,2,3,SR,0.1,0.1,0.6774193548387096,0.0
602,26,4,3,3,SR,0.1,0.1,0.7741935483870968,0.0
603,27,4,4,3,SR,0.1,0.1,0.6774193548387096,1.0
604,28,4,5,3,SR,0.1,0.1,0.6774193548387096,1.0
605,29,4,6,3,SR,0.1,0.1,0.5161290322580645,1.0
606,30,4,7,3,SR,0.1,0.1,0.6774193548387096,1.0
607,31,4,8,3,SR,0.1,0.1,0.6774193548387096,1.0
608,32,5,1,3,SR,0.1,0.1,0.7096774193548387,0.0
609,33,5,2,3,SR,0.1,0.1,0.6774193548387096,0.0
610,34,5,3,3,SR,0.1,0.1,0.6774193548387096,1.0
611,35,5,4,3,SR,0.1,0.1,0.5483870967741935,1.0
612,36,5,5,3,SR,0.1,0.1,0.6451612903225806,1.0
613,37,5,6,3,SR,0.1,0.1,0.5806451612903226,1.0
614,38,5,7,3,SR,0.1,0.1,0.6129032258064516,1.0
615,39,5,8,3,SR,0.1,0.1,0.6451612903225806,1.0
616,40,6,1,3,SR,0.1,0.1,0.7419354838709677,0.0
617,41,6,2,3,SR,0.1,0.1,0.7419354838709677,0.0
618,42,6,3,3,SR,0.1,0.1,0.6774193548387096,1.0
619,43,6,4,3,SR,0.1,0.1,0.5161290322580645,1.0
620,44,6,5,3,SR,0.1,0.1,0.6451612903225806,1.0
621,45,6,6,3,SR,0.1,0.1,0.6129032258064516,1.0
622,46,6,7,3,SR,0.1,0.1,0.6774193548387096,1.0
623,47,6,8,3,SR,0.1,0.1,0.8064516129032258,1.0
624,48,7,1,3,SR,0.1,0.1,0.8387096774193549,0.0
625,49,7,2,3,SR,0.1,0.1,0.7419354838709677,1.0
626,50,7,3,3,SR,0.1,0.1,0.6774193548387096,1.0
627,51,7,4,3,SR,0.1,0.1,0.5483870967741935,1.0
628,52,7,5,3,SR,0.1,0.1,0.5483870967741935,1.0
629,53,7,6,3,SR,0.1,0.1,0.8387096774193549,1.0
630,54,7,7,3,SR,0.1,0.1,0.8709677419354839,1.0
631,55,7,8,3,SR,0.1,0.1,0.8709677419354839,1.0
632,56,8,1,3,SR,0.1,0.1,0.7741935483870968,0.0
633,57,8,2,3,SR,0.1,0.1,0.8709677419354839,1.0
634,58,8,3,3,SR,0.1,0.1,0.7096774193548387,1.0
635,59,8,4,3,SR,0.1,0.1,0.8709677419354839,1.0
636,60,8,5,3,SR,0.1,0.1,0.8387096774193549,1.0
637,61,8,6,3,SR,0.1,0.1,0.8709677419354839,1.0
638,62,8,7,3,SR,0.1,0.1,0.7741935483870968,1.0
639,63,8,8,3,SR,0.1,0.1,0.8709677419354839,1.0
640,0,1,1,3,SR,0.2,0.1,0.7096774193548387,0.0
641,1,1,2,3,SR,0.2,0.1,0.6129032258064516,0.0
642,2,1,3,3,SR,0.2,0.1,0.6129032258064516,0.0
643,3,1,4,3,SR,0.2,0.1,0.5806451612903226,0.0
644,4,1,5,3,SR,0.2,0.1,0.6129032258064516,1.0
645,5,1,6,3,SR,0.2,0.1,0.6774193548387096,1.0
646,6,1,7,3,SR,0.2,0.1,0.7096774193548387,1.0
647,7,1,8,3,SR,0.2,0.1,0.6451612903225806,1.0
648,8,2,1,3,SR,0.2,0.1,0.6451612903225806,0.0
649,9,2,2,3,SR,0.2,0.1,0.6774193548387096,0.0
650,10,2,3,3,SR,0.2,0.1,0.6129032258064516,0.0
651,11,2,4,3,SR,0.2,0.1,0.5483870967741935,0.0
652,12,2,5,3,SR,0.2,0.1,0.6451612903225806,1.0
653,13,2,6,3,SR,0.2,0.1,0.5483870967741935,1.0
654,14,2,7,3,SR,0.2,0.1,0.6451612903225806,1.0
655,15,2,8,3,SR,0.2,0.1,0.6774193548387096,1.0
656,16,3,1,3,SR,0.2,0.1,0.5806451612903226,0.0
657,17,3,2,3,SR,0.2,0.1,0.6129032258064516,0.0
658,18,3,3,3,SR,0.2,0.1,0.5483870967741935,0.0
659,19,3,4,3,SR,0.2,0.1,0.6451612903225806,1.0
660,20,3,5,3,SR,0.2,0.1,0.7419354838709677,1.0
661,21,3,6,3,SR,0.2,0.1,0.7096774193548387,1.0
662,22,3,7,3,SR,0.2,0.1,0.7096774193548387,1.0
663,23,3,8,3,SR,0.2,0.1,0.7741935483870968,1.0
664,24,4,1,3,SR,0.2,0.1,0.6774193548387096,0.0
665,25,4,2,3,SR,0.2,0.1,0.5806451612903226,0.0
666,26,4,3,3,SR,0.2,0.1,0.6129032258064516,0.0
667,27,4,4,3,SR,0.2,0.1,0.7096774193548387,1.0
668,28,4,5,3,SR,0.2,0.1,0.6451612903225806,1.0
669,29,4,6,3,SR,0.2,0.1,0.6451612903225806,1.0
670,30,4,7,3,SR,0.2,0.1,0.7096774193548387,1.0
671,31,4,8,3,SR,0.2,0.1,0.7419354838709677,1.0
672,32,5,1,3,SR,0.2,0.1,0.4838709677419355,0.0
673,33,5,2,3,SR,0.2,0.1,0.4516129032258064,0.0
674,34,5,3,3,SR,0.2,0.1,0.5483870967741935,1.0
675,35,5,4,3,SR,0.2,0.1,0.5483870967741935,1.0
676,36,5,5,3,SR,0.2,0.1,0.6774193548387096,1.0
677,37,5,6,3,SR,0.2,0.1,0.7419354838709677,1.0
678,38,5,7,3,SR,0.2,0.1,0.8387096774193549,1.0
679,39,5,8,3,SR,0.2,0.1,0.8709677419354839,1.0
680,40,6,1,3,SR,0.2,0.1,0.7096774193548387,0.0
681,41,6,2,3,SR,0.2,0.1,0.6451612903225806,0.0
682,42,6,3,3,SR,0.2,0.1,0.6451612903225806,1.0
683,43,6,4,3,SR,0.2,0.1,0.7419354838709677,1.0
684,44,6,5,3,SR,0.2,0.1,0.6774193548387096,1.0
685,45,6,6,3,SR,0.2,0.1,0.8387096774193549,1.0
686,46,6,7,3,SR,0.2,0.1,0.6451612903225806,1.0
687,47,6,8,3,SR,0.2,0.1,0.6451612903225806,1.0
688,48,7,1,3,SR,0.2,0.1,0.8709677419354839,0.0
689,49,7,2,3,SR,0.2,0.1,0.935483870967742,1.0
690,50,7,3,3,SR,0.2,0.1,0.8387096774193549,1.0
691,51,7,4,3,SR,0.2,0.1,0.7419354838709677,1.0
692,52,7,5,3,SR,0.2,0.1,0.8387096774193549,1.0
693,53,7,6,3,SR,0.2,0.1,0.8709677419354839,1.0
694,54,7,7,3,SR,0.2,0.1,0.9032258064516128,1.0
695,55,7,8,3,SR,0.2,0.1,0.8387096774193549,1.0
696,56,8,1,3,SR,0.2,0.1,0.935483870967742,0.0
697,57,8,2,3,SR,0.2,0.1,0.967741935483871,1.0
698,58,8,3,3,SR,0.2,0.1,0.8709677419354839,1.0
699,59,8,4,3,SR,0.2,0.1,0.8387096774193549,1.0
700,60,8,5,3,SR,0.2,0.1,0.8709677419354839,1.0
701,61,8,6,3,SR,0.2,0.1,0.9032258064516128,1.0
702,62,8,7,3,SR,0.2,0.1,0.8064516129032258,1.0
703,63,8,8,3,SR,0.2,0.1,0.8064516129032258,1.0
704,0,1,1,3,SR,0.3,0.1,0.5806451612903226,0.0
705,1,1,2,3,SR,0.3,0.1,0.5161290322580645,0.0
706,2,1,3,3,SR,0.3,0.1,0.5483870967741935,0.0
707,3,1,4,3,SR,0.3,0.1,0.4838709677419355,0.0
708,4,1,5,3,SR,0.3,0.1,0.4516129032258064,1.0
709,5,1,6,3,SR,0.3,0.1,0.4838709677419355,1.0
710,6,1,7,3,SR,0.3,0.1,0.5806451612903226,1.0
711,7,1,8,3,SR,0.3,0.1,0.6451612903225806,1.0
712,8,2,1,3,SR,0.3,0.1,0.6129032258064516,0.0
713,9,2,2,3,SR,0.3,0.1,0.5161290322580645,0.0
714,10,2,3,3,SR,0.3,0.1,0.4516129032258064,0.0
715,11,2,4,3,SR,0.3,0.1,0.5161290322580645,0.0
716,12,2,5,3,SR,0.3,0.1,0.5161290322580645,1.0
717,13,2,6,3,SR,0.3,0.1,0.6129032258064516,1.0
718,14,2,7,3,SR,0.3,0.1,0.6129032258064516,1.0
719,15,2,8,3,SR,0.3,0.1,0.7096774193548387,1.0
720,16,3,1,3,SR,0.3,0.1,0.5806451612903226,0.0
721,17,3,2,3,SR,0.3,0.1,0.5806451612903226,0.0
722,18,3,3,3,SR,0.3,0.1,0.5806451612903226,0.0
723,19,3,4,3,SR,0.3,0.1,0.4838709677419355,1.0
724,20,3,5,3,SR,0.3,0.1,0.6451612903225806,1.0
725,21,3,6,3,SR,0.3,0.1,0.7741935483870968,1.0
726,22,3,7,3,SR,0.3,0.1,0.7741935483870968,1.0
727,23,3,8,3,SR,0.3,0.1,0.6451612903225806,1.0
728,24,4,1,3,SR,0.3,0.1,0.7096774193548387,0.0
729,25,4,2,3,SR,0.3,0.1,0.8064516129032258,0.0
730,26,4,3,3,SR,0.3,0.1,0.6129032258064516,0.0
731,27,4,4,3,SR,0.3,0.1,0.5806451612903226,1.0
732,28,4,5,3,SR,0.3,0.1,0.6451612903225806,1.0
733,29,4,6,3,SR,0.3,0.1,0.7419354838709677,1.0
734,30,4,7,3,SR,0.3,0.1,0.7096774193548387,1.0
735,31,4,8,3,SR,0.3,0.1,0.7096774193548387,1.0
736,32,5,1,3,SR,0.3,0.1,0.7741935483870968,0.0
737,33,5,2,3,SR,0.3,0.1,0.7741935483870968,0.0
738,34,5,3,3,SR,0.3,0.1,0.4516129032258064,1.0
739,35,5,4,3,SR,0.3,0.1,0.5806451612903226,1.0
740,36,5,5,3,SR,0.3,0.1,0.5161290322580645,1.0
741,37,5,6,3,SR,0.3,0.1,0.5483870967741935,1.0
742,38,5,7,3,SR,0.3,0.1,0.5806451612903226,1.0
743,39,5,8,3,SR,0.3,0.1,0.7741935483870968,1.0
744,40,6,1,3,SR,0.3,0.1,0.8064516129032258,0.0
745,41,6,2,3,SR,0.3,0.1,0.6129032258064516,0.0
746,42,6,3,3,SR,0.3,0.1,0.6129032258064516,1.0
747,43,6,4,3,SR,0.3,0.1,0.7096774193548387,1.0
748,44,6,5,3,SR,0.3,0.1,0.6129032258064516,1.0
749,45,6,6,3,SR,0.3,0.1,0.5806451612903226,1.0
750,46,6,7,3,SR,0.3,0.1,0.6129032258064516,1.0
751,47,6,8,3,SR,0.3,0.1,0.7419354838709677,1.0
752,48,7,1,3,SR,0.3,0.1,0.8387096774193549,0.0
753,49,7,2,3,SR,0.3,0.1,0.7096774193548387,1.0
754,50,7,3,3,SR,0.3,0.1,0.7096774193548387,1.0
755,51,7,4,3,SR,0.3,0.1,0.7741935483870968,1.0
756,52,7,5,3,SR,0.3,0.1,0.7741935483870968,1.0
757,53,7,6,3,SR,0.3,0.1,0.7419354838709677,1.0
758,54,7,7,3,SR,0.3,0.1,0.7741935483870968,1.0
759,55,7,8,3,SR,0.3,0.1,0.8064516129032258,1.0
760,56,8,1,3,SR,0.3,0.1,1.0,0.0
761,57,8,2,3,SR,0.3,0.1,0.967741935483871,1.0
762,58,8,3,3,SR,0.3,0.1,0.8064516129032258,1.0
763,59,8,4,3,SR,0.3,0.1,0.7741935483870968,1.0
764,60,8,5,3,SR,0.3,0.1,0.7741935483870968,1.0
765,61,8,6,3,SR,0.3,0.1,0.7096774193548387,1.0
766,62,8,7,3,SR,0.3,0.1,0.7741935483870968,1.0
767,63,8,8,3,SR,0.3,0.1,0.7419354838709677,1.0
768,0,1,1,3,SR,0.4,0.1,0.7419354838709677,0.0
769,1,1,2,3,SR,0.4,0.1,0.5483870967741935,0.0
770,2,1,3,3,SR,0.4,0.1,0.6451612903225806,0.0
771,3,1,4,3,SR,0.4,0.1,0.6774193548387096,0.0
772,4,1,5,3,SR,0.4,0.1,0.6129032258064516,1.0
773,5,1,6,3,SR,0.4,0.1,0.4516129032258064,1.0
774,6,1,7,3,SR,0.4,0.1,0.5161290322580645,1.0
775,7,1,8,3,SR,0.4,0.1,0.4193548387096774,1.0
776,8,2,1,3,SR,0.4,0.1,0.6129032258064516,0.0
777,9,2,2,3,SR,0.4,0.1,0.5483870967741935,0.0
778,10,2,3,3,SR,0.4,0.1,0.6129032258064516,0.0
779,11,2,4,3,SR,0.4,0.1,0.6451612903225806,0.0
780,12,2,5,3,SR,0.4,0.1,0.5806451612903226,1.0
781,13,2,6,3,SR,0.4,0.1,0.5483870967741935,1.0
782,14,2,7,3,SR,0.4,0.1,0.4838709677419355,1.0
783,15,2,8,3,SR,0.4,0.1,0.5161290322580645,1.0
784,16,3,1,3,SR,0.4,0.1,0.6774193548387096,0.0
785,17,3,2,3,SR,0.4,0.1,0.4838709677419355,0.0
786,18,3,3,3,SR,0.4,0.1,0.6129032258064516,0.0
787,19,3,4,3,SR,0.4,0.1,0.7419354838709677,1.0
788,20,3,5,3,SR,0.4,0.1,0.6774193548387096,1.0
789,21,3,6,3,SR,0.4,0.1,0.6129032258064516,1.0
790,22,3,7,3,SR,0.4,0.1,0.6129032258064516,1.0
791,23,3,8,3,SR,0.4,0.1,0.5806451612903226,1.0
792,24,4,1,3,SR,0.4,0.1,0.4838709677419355,0.0
793,25,4,2,3,SR,0.4,0.1,0.4516129032258064,0.0
794,26,4,3,3,SR,0.4,0.1,0.4838709677419355,0.0
795,27,4,4,3,SR,0.4,0.1,0.6129032258064516,1.0
796,28,4,5,3,SR,0.4,0.1,0.5483870967741935,1.0
797,29,4,6,3,SR,0.4,0.1,0.5806451612903226,1.0
798,30,4,7,3,SR,0.4,0.1,0.5806451612903226,1.0
799,31,4,8,3,SR,0.4,0.1,0.6129032258064516,1.0
800,32,5,1,3,SR,0.4,0.1,0.4838709677419355,0.0
801,33,5,2,3,SR,0.4,0.1,0.5483870967741935,0.0
802,34,5,3,3,SR,0.4,0.1,0.3225806451612903,1.0
803,35,5,4,3,SR,0.4,0.1,0.5483870967741935,1.0
804,36,5,5,3,SR,0.4,0.1,0.4838709677419355,1.0
805,37,5,6,3,SR,0.4,0.1,0.5161290322580645,1.0
806,38,5,7,3,SR,0.4,0.1,0.5483870967741935,1.0
807,39,5,8,3,SR,0.4,0.1,0.6774193548387096,1.0
808,40,6,1,3,SR,0.4,0.1,0.4838709677419355,0.0
809,41,6,2,3,SR,0.4,0.1,0.4193548387096774,0.0
810,42,6,3,3,SR,0.4,0.1,0.6129032258064516,1.0
811,43,6,4,3,SR,0.4,0.1,0.6451612903225806,1.0
812,44,6,5,3,SR,0.4,0.1,0.5161290322580645,1.0
813,45,6,6,3,SR,0.4,0.1,0.5483870967741935,1.0
814,46,6,7,3,SR,0.4,0.1,0.5806451612903226,1.0
815,47,6,8,3,SR,0.4,0.1,0.6451612903225806,1.0
816,48,7,1,3,SR,0.4,0.1,0.6129032258064516,0.0
817,49,7,2,3,SR,0.4,0.1,0.4193548387096774,1.0
818,50,7,3,3,SR,0.4,0.1,0.7419354838709677,1.0
819,51,7,4,3,SR,0.4,0.1,0.7096774193548387,1.0
820,52,7,5,3,SR,0.4,0.1,0.7096774193548387,1.0
821,53,7,6,3,SR,0.4,0.1,0.7419354838709677,1.0
822,54,7,7,3,SR,0.4,0.1,0.7419354838709677,1.0
823,55,7,8,3,SR,0.4,0.1,0.5806451612903226,1.0
824,56,8,1,3,SR,0.4,0.1,0.935483870967742,0.0
825,57,8,2,3,SR,0.4,0.1,0.935483870967742,1.0
826,58,8,3,3,SR,0.4,0.1,0.8709677419354839,1.0
827,59,8,4,3,SR,0.4,0.1,0.8387096774193549,1.0
828,60,8,5,3,SR,0.4,0.1,0.6774193548387096,1.0
829,61,8,6,3,SR,0.4,0.1,0.8064516129032258,1.0
830,62,8,7,3,SR,0.4,0.1,0.6774193548387096,1.0
831,63,8,8,3,SR,0.4,0.1,0.5161290322580645,1.0
832,0,1,1,3,SR,0.5,0.1,0.6129032258064516,0.0
833,1,1,2,3,SR,0.5,0.1,0.5161290322580645,0.0
834,2,1,3,3,SR,0.5,0.1,0.6451612903225806,0.0
835,3,1,4,3,SR,0.5,0.1,0.7096774193548387,0.0
836,4,1,5,3,SR,0.5,0.1,0.6451612903225806,1.0
837,5,1,6,3,SR,0.5,0.1,0.5483870967741935,1.0
838,6,1,7,3,SR,0.5,0.1,0.5161290322580645,1.0
839,7,1,8,3,SR,0.5,0.1,0.6774193548387096,1.0
840,8,2,1,3,SR,0.5,0.1,0.5483870967741935,0.0
841,9,2,2,3,SR,0.5,0.1,0.4516129032258064,0.0
842,10,2,3,3,SR,0.5,0.1,0.4838709677419355,0.0
843,11,2,4,3,SR,0.5,0.1,0.6774193548387096,0.0
844,12,2,5,3,SR,0.5,0.1,0.6129032258064516,1.0
845,13,2,6,3,SR,0.5,0.1,0.6129032258064516,1.0
846,14,2,7,3,SR,0.5,0.1,0.5483870967741935,1.0
847,15,2,8,3,SR,0.5,0.1,0.6451612903225806,1.0
848,16,3,1,3,SR,0.5,0.1,0.3225806451612903,0.0
849,17,3,2,3,SR,0.5,0.1,0.3870967741935484,0.0
850,18,3,3,3,SR,0.5,0.1,0.4516129032258064,0.0
851,19,3,4,3,SR,0.5,0.1,0.6451612903225806,1.0
852,20,3,5,3,SR,0.5,0.1,0.5483870967741935,1.0
853,21,3,6,3,SR,0.5,0.1,0.6451612903225806,1.0
854,22,3,7,3,SR,0.5,0.1,0.6129032258064516,1.0
855,23,3,8,3,SR,0.5,0.1,0.6129032258064516,1.0
856,24,4,1,3,SR,0.5,0.1,0.4516129032258064,0.0
857,25,4,2,3,SR,0.5,0.1,0.3870967741935484,0.0
858,26,4,3,3,SR,0.5,0.1,0.4516129032258064,0.0
859,27,4,4,3,SR,0.5,0.1,0.6774193548387096,1.0
860,28,4,5,3,SR,0.5,0.1,0.5806451612903226,1.0
861,29,4,6,3,SR,0.5,0.1,0.5806451612903226,1.0
862,30,4,7,3,SR,0.5,0.1,0.6129032258064516,1.0
863,31,4,8,3,SR,0.5,0.1,0.5806451612903226,1.0
864,32,5,1,3,SR,0.5,0.1,0.4838709677419355,0.0
865,33,5,2,3,SR,0.5,0.1,0.4516129032258064,0.0
866,34,5,3,3,SR,0.5,0.1,0.6129032258064516,1.0
867,35,5,4,3,SR,0.5,0.1,0.6774193548387096,1.0
868,36,5,5,3,SR,0.5,0.1,0.6129032258064516,1.0
869,37,5,6,3,SR,0.5,0.1,0.5806451612903226,1.0
870,38,5,7,3,SR,0.5,0.1,0.5483870967741935,1.0
871,39,5,8,3,SR,0.5,0.1,0.6774193548387096,1.0
872,40,6,1,3,SR,0.5,0.1,0.4838709677419355,0.0
873,41,6,2,3,SR,0.5,0.1,0.5483870967741935,0.0
874,42,6,3,3,SR,0.5,0.1,0.5161290322580645,1.0
875,43,6,4,3,SR,0.5,0.1,0.5483870967741935,1.0
876,44,6,5,3,SR,0.5,0.1,0.5483870967741935,1.0
877,45,6,6,3,SR,0.5,0.1,0.5161290322580645,1.0
878,46,6,7,3,SR,0.5,0.1,0.5161290322580645,1.0
879,47,6,8,3,SR,0.5,0.1,0.6774193548387096,1.0
880,48,7,1,3,SR,0.5,0.1,0.5806451612903226,0.0
881,49,7,2,3,SR,0.5,0.1,0.5161290322580645,1.0
882,50,7,3,3,SR,0.5,0.1,0.5483870967741935,1.0
883,51,7,4,3,SR,0.5,0.1,0.4516129032258064,1.0
884,52,7,5,3,SR,0.5,0.1,0.4838709677419355,1.0
885,53,7,6,3,SR,0.5,0.1,0.5161290322580645,1.0
886,54,7,7,3,SR,0.5,0.1,0.6774193548387096,1.0
887,55,7,8,3,SR,0.5,0.1,0.7096774193548387,1.0
888,56,8,1,3,SR,0.5,0.1,0.9032258064516128,0.0
889,57,8,2,3,SR,0.5,0.1,0.9032258064516128,1.0
890,58,8,3,3,SR,0.5,0.1,0.6774193548387096,1.0
891,59,8,4,3,SR,0.5,0.1,0.6451612903225806,1.0
892,60,8,5,3,SR,0.5,0.1,0.6774193548387096,1.0
893,61,8,6,3,SR,0.5,0.1,0.5483870967741935,1.0
894,62,8,7,3,SR,0.5,0.1,0.6129032258064516,1.0
895,63,8,8,3,SR,0.5,0.1,0.5806451612903226,1.0
896,0,1,1,3,SR,0.6,0.1,0.3870967741935484,0.0
897,1,1,2,3,SR,0.6,0.1,0.4193548387096774,0.0
898,2,1,3,3,SR,0.6,0.1,0.5483870967741935,0.0
899,3,1,4,3,SR,0.6,0.1,0.5161290322580645,0.0
900,4,1,5,3,SR,0.6,0.1,0.5806451612903226,1.0
901,5,1,6,3,SR,0.6,0.1,0.4838709677419355,1.0
902,6,1,7,3,SR,0.6,0.1,0.3870967741935484,1.0
903,7,1,8,3,SR,0.6,0.1,0.4193548387096774,1.0
904,8,2,1,3,SR,0.6,0.1,0.3870967741935484,0.0
905,9,2,2,3,SR,0.6,0.1,0.5483870967741935,0.0
906,10,2,3,3,SR,0.6,0.1,0.5806451612903226,0.0
907,11,2,4,3,SR,0.6,0.1,0.7741935483870968,0.0
908,12,2,5,3,SR,0.6,0.1,0.5806451612903226,1.0
909,13,2,6,3,SR,0.6,0.1,0.4516129032258064,1.0
910,14,2,7,3,SR,0.6,0.1,0.4193548387096774,1.0
911,15,2,8,3,SR,0.6,0.1,0.4193548387096774,1.0
912,16,3,1,3,SR,0.6,0.1,0.5161290322580645,0.0
913,17,3,2,3,SR,0.6,0.1,0.5483870967741935,0.0
914,18,3,3,3,SR,0.6,0.1,0.6451612903225806,0.0
915,19,3,4,3,SR,0.6,0.1,0.6451612903225806,1.0
916,20,3,5,3,SR,0.6,0.1,0.5483870967741935,1.0
917,21,3,6,3,SR,0.6,0.1,0.4516129032258064,1.0
918,22,3,7,3,SR,0.6,0.1,0.2580645161290322,1.0
919,23,3,8,3,SR,0.6,0.1,0.4193548387096774,1.0
920,24,4,1,3,SR,0.6,0.1,0.5161290322580645,0.0
921,25,4,2,3,SR,0.6,0.1,0.4838709677419355,0.0
922,26,4,3,3,SR,0.6,0.1,0.6129032258064516,0.0
923,27,4,4,3,SR,0.6,0.1,0.6129032258064516,1.0
924,28,4,5,3,SR,0.6,0.1,0.4838709677419355,1.0
925,29,4,6,3,SR,0.6,0.1,0.4838709677419355,1.0
926,30,4,7,3,SR,0.6,0.1,0.4838709677419355,1.0
927,31,4,8,3,SR,0.6,0.1,0.5161290322580645,1.0
928,32,5,1,3,SR,0.6,0.1,0.5806451612903226,0.0
929,33,5,2,3,SR,0.6,0.1,0.4838709677419355,0.0
930,34,5,3,3,SR,0.6,0.1,0.5483870967741935,1.0
931,35,5,4,3,SR,0.6,0.1,0.4516129032258064,1.0
932,36,5,5,3,SR,0.6,0.1,0.5161290322580645,1.0
933,37,5,6,3,SR,0.6,0.1,0.4838709677419355,1.0
934,38,5,7,3,SR,0.6,0.1,0.3870967741935484,1.0
935,39,5,8,3,SR,0.6,0.1,0.6129032258064516,1.0
936,40,6,1,3,SR,0.6,0.1,0.6774193548387096,0.0
937,41,6,2,3,SR,0.6,0.1,0.6774193548387096,0.0
938,42,6,3,3,SR,0.6,0.1,0.5161290322580645,1.0
939,43,6,4,3,SR,0.6,0.1,0.3870967741935484,1.0
940,44,6,5,3,SR,0.6,0.1,0.4838709677419355,1.0
941,45,6,6,3,SR,0.6,0.1,0.4838709677419355,1.0
942,46,6,7,3,SR,0.6,0.1,0.4838709677419355,1.0
943,47,6,8,3,SR,0.6,0.1,0.5806451612903226,1.0
944,48,7,1,3,SR,0.6,0.1,0.6129032258064516,0.0
945,49,7,2,3,SR,0.6,0.1,0.5806451612903226,1.0
946,50,7,3,3,SR,0.6,0.1,0.5483870967741935,1.0
947,51,7,4,3,SR,0.6,0.1,0.6129032258064516,1.0
948,52,7,5,3,SR,0.6,0.1,0.6451612903225806,1.0
949,53,7,6,3,SR,0.6,0.1,0.6129032258064516,1.0
950,54,7,7,3,SR,0.6,0.1,0.6451612903225806,1.0
951,55,7,8,3,SR,0.6,0.1,0.7096774193548387,1.0
952,56,8,1,3,SR,0.6,0.1,0.8387096774193549,0.0
953,57,8,2,3,SR,0.6,0.1,0.8387096774193549,1.0
954,58,8,3,3,SR,0.6,0.1,0.8387096774193549,1.0
955,59,8,4,3,SR,0.6,0.1,0.6774193548387096,1.0
956,60,8,5,3,SR,0.6,0.1,0.6129032258064516,1.0
957,61,8,6,3,SR,0.6,0.1,0.5483870967741935,1.0
958,62,8,7,3,SR,0.6,0.1,0.5483870967741935,1.0
959,63,8,8,3,SR,0.6,0.1,0.5483870967741935,1.0
960,0,1,1,3,SR,0.7,0.1,0.4516129032258064,0.0
961,1,1,2,3,SR,0.7,0.1,0.4193548387096774,0.0
962,2,1,3,3,SR,0.7,0.1,0.5161290322580645,0.0
963,3,1,4,3,SR,0.7,0.1,0.5806451612903226,0.0
964,4,1,5,3,SR,0.7,0.1,0.5483870967741935,1.0
965,5,1,6,3,SR,0.7,0.1,0.4516129032258064,1.0
966,6,1,7,3,SR,0.7,0.1,0.5806451612903226,1.0
967,7,1,8,3,SR,0.7,0.1,0.5161290322580645,1.0
968,8,2,1,3,SR,0.7,0.1,0.4838709677419355,0.0
969,9,2,2,3,SR,0.7,0.1,0.3548387096774194,0.0
970,10,2,3,3,SR,0.7,0.1,0.4838709677419355,0.0
971,11,2,4,3,SR,0.7,0.1,0.5806451612903226,0.0
972,12,2,5,3,SR,0.7,0.1,0.5483870967741935,1.0
973,13,2,6,3,SR,0.7,0.1,0.5806451612903226,1.0
974,14,2,7,3,SR,0.7,0.1,0.6774193548387096,1.0
975,15,2,8,3,SR,0.7,0.1,0.6774193548387096,1.0
976,16,3,1,3,SR,0.7,0.1,0.5161290322580645,0.0
977,17,3,2,3,SR,0.7,0.1,0.5161290322580645,0.0
978,18,3,3,3,SR,0.7,0.1,0.5161290322580645,0.0
979,19,3,4,3,SR,0.7,0.1,0.5161290322580645,1.0
980,20,3,5,3,SR,0.7,0.1,0.5483870967741935,1.0
981,21,3,6,3,SR,0.7,0.1,0.6451612903225806,1.0
982,22,3,7,3,SR,0.7,0.1,0.4838709677419355,1.0
983,23,3,8,3,SR,0.7,0.1,0.4193548387096774,1.0
984,24,4,1,3,SR,0.7,0.1,0.6129032258064516,0.0
985,25,4,2,3,SR,0.7,0.1,0.6774193548387096,0.0
986,26,4,3,3,SR,0.7,0.1,0.6451612903225806,0.0
987,27,4,4,3,SR,0.7,0.1,0.6774193548387096,1.0
988,28,4,5,3,SR,0.7,0.1,0.7419354838709677,1.0
989,29,4,6,3,SR,0.7,0.1,0.6129032258064516,1.0
990,30,4,7,3,SR,0.7,0.1,0.6129032258064516,1.0
991,31,4,8,3,SR,0.7,0.1,0.5161290322580645,1.0
992,32,5,1,3,SR,0.7,0.1,0.6774193548387096,0.0
993,33,5,2,3,SR,0.7,0.1,0.7096774193548387,0.0
994,34,5,3,3,SR,0.7,0.1,0.7419354838709677,1.0
995,35,5,4,3,SR,0.7,0.1,0.6774193548387096,1.0
996,36,5,5,3,SR,0.7,0.1,0.7419354838709677,1.0
997,37,5,6,3,SR,0.7,0.1,0.6774193548387096,1.0
998,38,5,7,3,SR,0.7,0.1,0.6774193548387096,1.0
999,39,5,8,3,SR,0.7,0.1,0.5483870967741935,1.0
1000,40,6,1,3,SR,0.7,0.1,0.6774193548387096,0.0
1001,41,6,2,3,SR,0.7,0.1,0.7419354838709677,0.0
1002,42,6,3,3,SR,0.7,0.1,0.6451612903225806,1.0
1003,43,6,4,3,SR,0.7,0.1,0.7096774193548387,1.0
1004,44,6,5,3,SR,0.7,0.1,0.7419354838709677,1.0
1005,45,6,6,3,SR,0.7,0.1,0.7096774193548387,1.0
1006,46,6,7,3,SR,0.7,0.1,0.6451612903225806,1.0
1007,47,6,8,3,SR,0.7,0.1,0.5806451612903226,1.0
1008,48,7,1,3,SR,0.7,0.1,0.6774193548387096,0.0
1009,49,7,2,3,SR,0.7,0.1,0.7096774193548387,1.0
1010,50,7,3,3,SR,0.7,0.1,0.7096774193548387,1.0
1011,51,7,4,3,SR,0.7,0.1,0.7419354838709677,1.0
1012,52,7,5,3,SR,0.7,0.1,0.7419354838709677,1.0
1013,53,7,6,3,SR,0.7,0.1,0.5483870967741935,1.0
1014,54,7,7,3,SR,0.7,0.1,0.7419354838709677,1.0
1015,55,7,8,3,SR,0.7,0.1,0.8064516129032258,1.0
1016,56,8,1,3,SR,0.7,0.1,0.8064516129032258,0.0
1017,57,8,2,3,SR,0.7,0.1,0.8064516129032258,1.0
1018,58,8,3,3,SR,0.7,0.1,0.8709677419354839,1.0
1019,59,8,4,3,SR,0.7,0.1,0.7419354838709677,1.0
1020,60,8,5,3,SR,0.7,0.1,0.7096774193548387,1.0
1021,61,8,6,3,SR,0.7,0.1,0.6451612903225806,1.0
1022,62,8,7,3,SR,0.7,0.1,0.7741935483870968,1.0
1023,63,8,8,3,SR,0.7,0.1,0.6774193548387096,1.0
1024,0,1,1,3,SR,-0.8,0.2,0.7419354838709677,0.0
1025,1,1,2,3,SR,-0.8,0.2,0.6774193548387096,0.0
1026,2,1,3,3,SR,-0.8,0.2,0.7096774193548387,0.0
1027,3,1,4,3,SR,-0.8,0.2,0.5161290322580645,0.0
1028,4,1,5,3,SR,-0.8,0.2,0.4838709677419355,1.0
1029,5,1,6,3,SR,-0.8,0.2,0.6451612903225806,1.0
1030,6,1,7,3,SR,-0.8,0.2,0.6451612903225806,1.0
1031,7,1,8,3,SR,-0.8,0.2,0.5806451612903226,1.0
1032,8,2,1,3,SR,-0.8,0.2,0.4516129032258064,0.0
1033,9,2,2,3,SR,-0.8,0.2,0.4838709677419355,0.0
1034,10,2,3,3,SR,-0.8,0.2,0.5806451612903226,0.0
1035,11,2,4,3,SR,-0.8,0.2,0.5161290322580645,0.0
1036,12,2,5,3,SR,-0.8,0.2,0.6774193548387096,1.0
1037,13,2,6,3,SR,-0.8,0.2,0.5806451612903226,1.0
1038,14,2,7,3,SR,-0.8,0.2,0.5483870967741935,1.0
1039,15,2,8,3,SR,-0.8,0.2,0.4838709677419355,1.0
1040,16,3,1,3,SR,-0.8,0.2,0.4838709677419355,0.0
1041,17,3,2,3,SR,-0.8,0.2,0.4516129032258064,0.0
1042,18,3,3,3,SR,-0.8,0.2,0.4838709677419355,0.0
1043,19,3,4,3,SR,-0.8,0.2,0.4838709677419355,1.0
1044,20,3,5,3,SR,-0.8,0.2,0.3548387096774194,1.0
1045,21,3,6,3,SR,-0.8,0.2,0.2903225806451613,1.0
1046,22,3,7,3,SR,-0.8,0.2,0.2903225806451613,1.0
1047,23,3,8,3,SR,-0.8,0.2,0.5161290322580645,1.0
1048,24,4,1,3,SR,-0.8,0.2,0.3225806451612903,0.0
1049,25,4,2,3,SR,-0.8,0.2,0.3548387096774194,0.0
1050,26,4,3,3,SR,-0.8,0.2,0.5161290322580645,0.0
1051,27,4,4,3,SR,-0.8,0.2,0.4193548387096774,1.0
1052,28,4,5,3,SR,-0.8,0.2,0.2903225806451613,1.0
1053,29,4,6,3,SR,-0.8,0.2,0.2903225806451613,1.0
1054,30,4,7,3,SR,-0.8,0.2,0.3548387096774194,1.0
1055,31,4,8,3,SR,-0.8,0.2,0.4838709677419355,1.0
1056,32,5,1,3,SR,-0.8,0.2,0.4193548387096774,0.0
1057,33,5,2,3,SR,-0.8,0.2,0.4838709677419355,0.0
1058,34,5,3,3,SR,-0.8,0.2,0.4838709677419355,1.0
1059,35,5,4,3,SR,-0.8,0.2,0.4838709677419355,1.0
1060,36,5,5,3,SR,-0.8,0.2,0.4838709677419355,1.0
1061,37,5,6,3,SR,-0.8,0.2,0.4193548387096774,1.0
1062,38,5,7,3,SR,-0.8,0.2,0.2903225806451613,1.0
1063,39,5,8,3,SR,-0.8,0.2,0.3870967741935484,1.0
1064,40,6,1,3,SR,-0.8,0.2,0.5161290322580645,0.0
1065,41,6,2,3,SR,-0.8,0.2,0.4838709677419355,0.0
1066,42,6,3,3,SR,-0.8,0.2,0.5806451612903226,1.0
1067,43,6,4,3,SR,-0.8,0.2,0.5806451612903226,1.0
1068,44,6,5,3,SR,-0.8,0.2,0.4838709677419355,1.0
1069,45,6,6,3,SR,-0.8,0.2,0.3870967741935484,1.0
1070,46,6,7,3,SR,-0.8,0.2,0.6129032258064516,1.0
1071,47,6,8,3,SR,-0.8,0.2,0.4838709677419355,1.0
1072,48,7,1,3,SR,-0.8,0.2,0.6451612903225806,0.0
1073,49,7,2,3,SR,-0.8,0.2,0.4516129032258064,1.0
1074,50,7,3,3,SR,-0.8,0.2,0.4838709677419355,1.0
1075,51,7,4,3,SR,-0.8,0.2,0.5806451612903226,1.0
1076,52,7,5,3,SR,-0.8,0.2,0.5806451612903226,1.0
1077,53,7,6,3,SR,-0.8,0.2,0.4516129032258064,1.0
1078,54,7,7,3,SR,-0.8,0.2,0.4193548387096774,1.0
1079,55,7,8,3,SR,-0.8,0.2,0.8064516129032258,1.0
1080,56,8,1,3,SR,-0.8,0.2,0.7741935483870968,0.0
1081,57,8,2,3,SR,-0.8,0.2,0.7419354838709677,1.0
1082,58,8,3,3,SR,-0.8,0.2,0.4838709677419355,1.0
1083,59,8,4,3,SR,-0.8,0.2,0.6129032258064516,1.0
1084,60,8,5,3,SR,-0.8,0.2,0.7741935483870968,1.0
1085,61,8,6,3,SR,-0.8,0.2,0.5806451612903226,1.0
1086,62,8,7,3,SR,-0.8,0.2,0.6774193548387096,1.0
1087,63,8,8,3,SR,-0.8,0.2,0.7741935483870968,1.0
1088,0,1,1,3,SR,-0.7,0.2,0.5806451612903226,0.0
1089,1,1,2,3,SR,-0.7,0.2,0.5161290322580645,0.0
1090,2,1,3,3,SR,-0.7,0.2,0.5806451612903226,0.0
1091,3,1,4,3,SR,-0.7,0.2,0.6451612903225806,0.0
1092,4,1,5,3,SR,-0.7,0.2,0.4193548387096774,1.0
1093,5,1,6,3,SR,-0.7,0.2,0.2903225806451613,1.0
1094,6,1,7,3,SR,-0.7,0.2,0.3870967741935484,1.0
1095,7,1,8,3,SR,-0.7,0.2,0.4838709677419355,1.0
1096,8,2,1,3,SR,-0.7,0.2,0.6774193548387096,0.0
1097,9,2,2,3,SR,-0.7,0.2,0.4193548387096774,0.0
1098,10,2,3,3,SR,-0.7,0.2,0.4516129032258064,0.0
1099,11,2,4,3,SR,-0.7,0.2,0.3870967741935484,0.0
1100,12,2,5,3,SR,-0.7,0.2,0.5161290322580645,1.0
1101,13,2,6,3,SR,-0.7,0.2,0.4838709677419355,1.0
1102,14,2,7,3,SR,-0.7,0.2,0.5161290322580645,1.0
1103,15,2,8,3,SR,-0.7,0.2,0.5483870967741935,1.0
1104,16,3,1,3,SR,-0.7,0.2,0.5806451612903226,0.0
1105,17,3,2,3,SR,-0.7,0.2,0.4516129032258064,0.0
1106,18,3,3,3,SR,-0.7,0.2,0.4838709677419355,0.0
1107,19,3,4,3,SR,-0.7,0.2,0.5483870967741935,1.0
1108,20,3,5,3,SR,-0.7,0.2,0.3870967741935484,1.0
1109,21,3,6,3,SR,-0.7,0.2,0.2903225806451613,1.0
1110,22,3,7,3,SR,-0.7,0.2,0.4838709677419355,1.0
1111,23,3,8,3,SR,-0.7,0.2,0.5161290322580645,1.0
1112,24,4,1,3,SR,-0.7,0.2,0.4516129032258064,0.0
1113,25,4,2,3,SR,-0.7,0.2,0.4838709677419355,0.0
1114,26,4,3,3,SR,-0.7,0.2,0.4838709677419355,0.0
1115,27,4,4,3,SR,-0.7,0.2,0.5483870967741935,1.0
1116,28,4,5,3,SR,-0.7,0.2,0.2903225806451613,1.0
1117,29,4,6,3,SR,-0.7,0.2,0.3225806451612903,1.0
1118,30,4,7,3,SR,-0.7,0.2,0.4193548387096774,1.0
1119,31,4,8,3,SR,-0.7,0.2,0.4516129032258064,1.0
1120,32,5,1,3,SR,-0.7,0.2,0.4838709677419355,0.0
1121,33,5,2,3,SR,-0.7,0.2,0.4193548387096774,0.0
1122,34,5,3,3,SR,-0.7,0.2,0.5161290322580645,1.0
1123,35,5,4,3,SR,-0.7,0.2,0.4516129032258064,1.0
1124,36,5,5,3,SR,-0.7,0.2,0.3225806451612903,1.0
1125,37,5,6,3,SR,-0.7,0.2,0.3870967741935484,1.0
1126,38,5,7,3,SR,-0.7,0.2,0.2903225806451613,1.0
1127,39,5,8,3,SR,-0.7,0.2,0.4516129032258064,1.0
1128,40,6,1,3,SR,-0.7,0.2,0.5483870967741935,0.0
1129,41,6,2,3,SR,-0.7,0.2,0.5483870967741935,0.0
1130,42,6,3,3,SR,-0.7,0.2,0.5806451612903226,1.0
1131,43,6,4,3,SR,-0.7,0.2,0.4838709677419355,1.0
1132,44,6,5,3,SR,-0.7,0.2,0.3870967741935484,1.0
1133,45,6,6,3,SR,-0.7,0.2,0.2903225806451613,1.0
1134,46,6,7,3,SR,-0.7,0.2,0.3548387096774194,1.0
1135,47,6,8,3,SR,-0.7,0.2,0.4838709677419355,1.0
1136,48,7,1,3,SR,-0.7,0.2,0.6451612903225806,0.0
1137,49,7,2,3,SR,-0.7,0.2,0.6129032258064516,1.0
1138,50,7,3,3,SR,-0.7,0.2,0.5483870967741935,1.0
1139,51,7,4,3,SR,-0.7,0.2,0.5161290322580645,1.0
1140,52,7,5,3,SR,-0.7,0.2,0.6129032258064516,1.0
1141,53,7,6,3,SR,-0.7,0.2,0.4516129032258064,1.0
1142,54,7,7,3,SR,-0.7,0.2,0.4838709677419355,1.0
1143,55,7,8,3,SR,-0.7,0.2,0.5806451612903226,1.0
1144,56,8,1,3,SR,-0.7,0.2,0.7741935483870968,0.0
1145,57,8,2,3,SR,-0.7,0.2,0.8387096774193549,1.0
1146,58,8,3,3,SR,-0.7,0.2,0.5483870967741935,1.0
1147,59,8,4,3,SR,-0.7,0.2,0.6129032258064516,1.0
1148,60,8,5,3,SR,-0.7,0.2,0.6129032258064516,1.0
1149,61,8,6,3,SR,-0.7,0.2,0.5806451612903226,1.0
1150,62,8,7,3,SR,-0.7,0.2,0.6129032258064516,1.0
1151,63,8,8,3,SR,-0.7,0.2,0.7419354838709677,1.0
1152,0,1,1,3,SR,-0.6,0.2,0.6451612903225806,0.0
1153,1,1,2,3,SR,-0.6,0.2,0.5806451612903226,0.0
1154,2,1,3,3,SR,-0.6,0.2,0.5161290322580645,0.0
1155,3,1,4,3,SR,-0.6,0.2,0.4838709677419355,0.0
1156,4,1,5,3,SR,-0.6,0.2,0.4516129032258064,1.0
1157,5,1,6,3,SR,-0.6,0.2,0.3548387096774194,1.0
1158,6,1,7,3,SR,-0.6,0.2,0.4838709677419355,1.0
1159,7,1,8,3,SR,-0.6,0.2,0.4516129032258064,1.0
1160,8,2,1,3,SR,-0.6,0.2,0.6451612903225806,0.0
1161,9,2,2,3,SR,-0.6,0.2,0.5483870967741935,0.0
1162,10,2,3,3,SR,-0.6,0.2,0.4838709677419355,0.0
1163,11,2,4,3,SR,-0.6,0.2,0.5483870967741935,0.0
1164,12,2,5,3,SR,-0.6,0.2,0.4193548387096774,1.0
1165,13,2,6,3,SR,-0.6,0.2,0.3870967741935484,1.0
1166,14,2,7,3,SR,-0.6,0.2,0.4838709677419355,1.0
1167,15,2,8,3,SR,-0.6,0.2,0.3870967741935484,1.0
1168,16,3,1,3,SR,-0.6,0.2,0.6129032258064516,0.0
1169,17,3,2,3,SR,-0.6,0.2,0.4838709677419355,0.0
1170,18,3,3,3,SR,-0.6,0.2,0.5806451612903226,0.0
1171,19,3,4,3,SR,-0.6,0.2,0.5161290322580645,1.0
1172,20,3,5,3,SR,-0.6,0.2,0.3870967741935484,1.0
1173,21,3,6,3,SR,-0.6,0.2,0.3548387096774194,1.0
1174,22,3,7,3,SR,-0.6,0.2,0.3870967741935484,1.0
1175,23,3,8,3,SR,-0.6,0.2,0.5806451612903226,1.0
1176,24,4,1,3,SR,-0.6,0.2,0.5806451612903226,0.0
1177,25,4,2,3,SR,-0.6,0.2,0.5161290322580645,0.0
1178,26,4,3,3,SR,-0.6,0.2,0.4516129032258064,0.0
1179,27,4,4,3,SR,-0.6,0.2,0.4516129032258064,1.0
1180,28,4,5,3,SR,-0.6,0.2,0.4516129032258064,1.0
1181,29,4,6,3,SR,-0.6,0.2,0.4516129032258064,1.0
1182,30,4,7,3,SR,-0.6,0.2,0.4516129032258064,1.0
1183,31,4,8,3,SR,-0.6,0.2,0.4193548387096774,1.0
1184,32,5,1,3,SR,-0.6,0.2,0.5483870967741935,0.0
1185,33,5,2,3,SR,-0.6,0.2,0.5483870967741935,0.0
1186,34,5,3,3,SR,-0.6,0.2,0.5483870967741935,1.0
1187,35,5,4,3,SR,-0.6,0.2,0.5483870967741935,1.0
1188,36,5,5,3,SR,-0.6,0.2,0.4516129032258064,1.0
1189,37,5,6,3,SR,-0.6,0.2,0.3870967741935484,1.0
1190,38,5,7,3,SR,-0.6,0.2,0.4193548387096774,1.0
1191,39,5,8,3,SR,-0.6,0.2,0.3225806451612903,1.0
1192,40,6,1,3,SR,-0.6,0.2,0.4838709677419355,0.0
1193,41,6,2,3,SR,-0.6,0.2,0.4838709677419355,0.0
1194,42,6,3,3,SR,-0.6,0.2,0.5161290322580645,1.0
1195,43,6,4,3,SR,-0.6,0.2,0.5806451612903226,1.0
1196,44,6,5,3,SR,-0.6,0.2,0.4516129032258064,1.0
1197,45,6,6,3,SR,-0.6,0.2,0.4193548387096774,1.0
1198,46,6,7,3,SR,-0.6,0.2,0.5161290322580645,1.0
1199,47,6,8,3,SR,-0.6,0.2,0.4516129032258064,1.0
1200,48,7,1,3,SR,-0.6,0.2,0.6129032258064516,0.0
1201,49,7,2,3,SR,-0.6,0.2,0.4838709677419355,1.0
1202,50,7,3,3,SR,-0.6,0.2,0.4516129032258064,1.0
1203,51,7,4,3,SR,-0.6,0.2,0.5483870967741935,1.0
1204,52,7,5,3,SR,-0.6,0.2,0.4516129032258064,1.0
1205,53,7,6,3,SR,-0.6,0.2,0.4193548387096774,1.0
1206,54,7,7,3,SR,-0.6,0.2,0.5161290322580645,1.0
1207,55,7,8,3,SR,-0.6,0.2,0.935483870967742,1.0
1208,56,8,1,3,SR,-0.6,0.2,0.8064516129032258,0.0
1209,57,8,2,3,SR,-0.6,0.2,0.7741935483870968,1.0
1210,58,8,3,3,SR,-0.6,0.2,0.5483870967741935,1.0
1211,59,8,4,3,SR,-0.6,0.2,0.3870967741935484,1.0
1212,60,8,5,3,SR,-0.6,0.2,0.5161290322580645,1.0
1213,61,8,6,3,SR,-0.6,0.2,0.6451612903225806,1.0
1214,62,8,7,3,SR,-0.6,0.2,0.8064516129032258,1.0
1215,63,8,8,3,SR,-0.6,0.2,0.9032258064516128,1.0
1216,0,1,1,3,SR,-0.5,0.2,0.5483870967741935,0.0
1217,1,1,2,3,SR,-0.5,0.2,0.6451612903225806,0.0
1218,2,1,3,3,SR,-0.5,0.2,0.5161290322580645,0.0
1219,3,1,4,3,SR,-0.5,0.2,0.5483870967741935,0.0
1220,4,1,5,3,SR,-0.5,0.2,0.4516129032258064,1.0
1221,5,1,6,3,SR,-0.5,0.2,0.4516129032258064,1.0
1222,6,1,7,3,SR,-0.5,0.2,0.4516129032258064,1.0
1223,7,1,8,3,SR,-0.5,0.2,0.5483870967741935,1.0
1224,8,2,1,3,SR,-0.5,0.2,0.6129032258064516,0.0
1225,9,2,2,3,SR,-0.5,0.2,0.5483870967741935,0.0
1226,10,2,3,3,SR,-0.5,0.2,0.4838709677419355,0.0
1227,11,2,4,3,SR,-0.5,0.2,0.7096774193548387,0.0
1228,12,2,5,3,SR,-0.5,0.2,0.4838709677419355,1.0
1229,13,2,6,3,SR,-0.5,0.2,0.4838709677419355,1.0
1230,14,2,7,3,SR,-0.5,0.2,0.2903225806451613,1.0
1231,15,2,8,3,SR,-0.5,0.2,0.4516129032258064,1.0
1232,16,3,1,3,SR,-0.5,0.2,0.5483870967741935,0.0
1233,17,3,2,3,SR,-0.5,0.2,0.4838709677419355,0.0
1234,18,3,3,3,SR,-0.5,0.2,0.5483870967741935,0.0
1235,19,3,4,3,SR,-0.5,0.2,0.5806451612903226,1.0
1236,20,3,5,3,SR,-0.5,0.2,0.4516129032258064,1.0
1237,21,3,6,3,SR,-0.5,0.2,0.3870967741935484,1.0
1238,22,3,7,3,SR,-0.5,0.2,0.3870967741935484,1.0
1239,23,3,8,3,SR,-0.5,0.2,0.4838709677419355,1.0
1240,24,4,1,3,SR,-0.5,0.2,0.4516129032258064,0.0
1241,25,4,2,3,SR,-0.5,0.2,0.5161290322580645,0.0
1242,26,4,3,3,SR,-0.5,0.2,0.4838709677419355,0.0
1243,27,4,4,3,SR,-0.5,0.2,0.5161290322580645,1.0
1244,28,4,5,3,SR,-0.5,0.2,0.4838709677419355,1.0
1245,29,4,6,3,SR,-0.5,0.2,0.4193548387096774,1.0
1246,30,4,7,3,SR,-0.5,0.2,0.5483870967741935,1.0
1247,31,4,8,3,SR,-0.5,0.2,0.5483870967741935,1.0
1248,32,5,1,3,SR,-0.5,0.2,0.5161290322580645,0.0
1249,33,5,2,3,SR,-0.5,0.2,0.5483870967741935,0.0
1250,34,5,3,3,SR,-0.5,0.2,0.5483870967741935,1.0
1251,35,5,4,3,SR,-0.5,0.2,0.5483870967741935,1.0
1252,36,5,5,3,SR,-0.5,0.2,0.4516129032258064,1.0
1253,37,5,6,3,SR,-0.5,0.2,0.4193548387096774,1.0
1254,38,5,7,3,SR,-0.5,0.2,0.5483870967741935,1.0
1255,39,5,8,3,SR,-0.5,0.2,0.5161290322580645,1.0
1256,40,6,1,3,SR,-0.5,0.2,0.5806451612903226,0.0
1257,41,6,2,3,SR,-0.5,0.2,0.4838709677419355,0.0
1258,42,6,3,3,SR,-0.5,0.2,0.4838709677419355,1.0
1259,43,6,4,3,SR,-0.5,0.2,0.4838709677419355,1.0
1260,44,6,5,3,SR,-0.5,0.2,0.4516129032258064,1.0
1261,45,6,6,3,SR,-0.5,0.2,0.6774193548387096,1.0
1262,46,6,7,3,SR,-0.5,0.2,0.6451612903225806,1.0
1263,47,6,8,3,SR,-0.5,0.2,0.4516129032258064,1.0
1264,48,7,1,3,SR,-0.5,0.2,0.5806451612903226,0.0
1265,49,7,2,3,SR,-0.5,0.2,0.5483870967741935,1.0
1266,50,7,3,3,SR,-0.5,0.2,0.5483870967741935,1.0
1267,51,7,4,3,SR,-0.5,0.2,0.4193548387096774,1.0
1268,52,7,5,3,SR,-0.5,0.2,0.5161290322580645,1.0
1269,53,7,6,3,SR,-0.5,0.2,0.4193548387096774,1.0
1270,54,7,7,3,SR,-0.5,0.2,0.6451612903225806,1.0
1271,55,7,8,3,SR,-0.5,0.2,0.7096774193548387,1.0
1272,56,8,1,3,SR,-0.5,0.2,0.7741935483870968,0.0
1273,57,8,2,3,SR,-0.5,0.2,0.8387096774193549,1.0
1274,58,8,3,3,SR,-0.5,0.2,0.5161290322580645,1.0
1275,59,8,4,3,SR,-0.5,0.2,0.4516129032258064,1.0
1276,60,8,5,3,SR,-0.5,0.2,0.4838709677419355,1.0
1277,61,8,6,3,SR,-0.5,0.2,0.5161290322580645,1.0
1278,62,8,7,3,SR,-0.5,0.2,0.5806451612903226,1.0
1279,63,8,8,3,SR,-0.5,0.2,0.7741935483870968,1.0
1280,0,1,1,3,SR,-0.4,0.2,0.6774193548387096,0.0
1281,1,1,2,3,SR,-0.4,0.2,0.5806451612903226,0.0
1282,2,1,3,3,SR,-0.4,0.2,0.6774193548387096,0.0
1283,3,1,4,3,SR,-0.4,0.2,0.6774193548387096,0.0
1284,4,1,5,3,SR,-0.4,0.2,0.6774193548387096,1.0
1285,5,1,6,3,SR,-0.4,0.2,0.6774193548387096,1.0
1286,6,1,7,3,SR,-0.4,0.2,0.5483870967741935,1.0
1287,7,1,8,3,SR,-0.4,0.2,0.5161290322580645,1.0
1288,8,2,1,3,SR,-0.4,0.2,0.7419354838709677,0.0
1289,9,2,2,3,SR,-0.4,0.2,0.4516129032258064,0.0
1290,10,2,3,3,SR,-0.4,0.2,0.5161290322580645,0.0
1291,11,2,4,3,SR,-0.4,0.2,0.6129032258064516,0.0
1292,12,2,5,3,SR,-0.4,0.2,0.4838709677419355,1.0
1293,13,2,6,3,SR,-0.4,0.2,0.5483870967741935,1.0
1294,14,2,7,3,SR,-0.4,0.2,0.4516129032258064,1.0
1295,15,2,8,3,SR,-0.4,0.2,0.3225806451612903,1.0
1296,16,3,1,3,SR,-0.4,0.2,0.5806451612903226,0.0
1297,17,3,2,3,SR,-0.4,0.2,0.4193548387096774,0.0
1298,18,3,3,3,SR,-0.4,0.2,0.3870967741935484,0.0
1299,19,3,4,3,SR,-0.4,0.2,0.3225806451612903,1.0
1300,20,3,5,3,SR,-0.4,0.2,0.3870967741935484,1.0
1301,21,3,6,3,SR,-0.4,0.2,0.4193548387096774,1.0
1302,22,3,7,3,SR,-0.4,0.2,0.5806451612903226,1.0
1303,23,3,8,3,SR,-0.4,0.2,0.6129032258064516,1.0
1304,24,4,1,3,SR,-0.4,0.2,0.6774193548387096,0.0
1305,25,4,2,3,SR,-0.4,0.2,0.6774193548387096,0.0
1306,26,4,3,3,SR,-0.4,0.2,0.4838709677419355,0.0
1307,27,4,4,3,SR,-0.4,0.2,0.5161290322580645,1.0
1308,28,4,5,3,SR,-0.4,0.2,0.3870967741935484,1.0
1309,29,4,6,3,SR,-0.4,0.2,0.4516129032258064,1.0
1310,30,4,7,3,SR,-0.4,0.2,0.5483870967741935,1.0
1311,31,4,8,3,SR,-0.4,0.2,0.5806451612903226,1.0
1312,32,5,1,3,SR,-0.4,0.2,0.6129032258064516,0.0
1313,33,5,2,3,SR,-0.4,0.2,0.7096774193548387,0.0
1314,34,5,3,3,SR,-0.4,0.2,0.6774193548387096,1.0
1315,35,5,4,3,SR,-0.4,0.2,0.6129032258064516,1.0
1316,36,5,5,3,SR,-0.4,0.2,0.4516129032258064,1.0
1317,37,5,6,3,SR,-0.4,0.2,0.5483870967741935,1.0
1318,38,5,7,3,SR,-0.4,0.2,0.5806451612903226,1.0
1319,39,5,8,3,SR,-0.4,0.2,0.6451612903225806,1.0
1320,40,6,1,3,SR,-0.4,0.2,0.5806451612903226,0.0
1321,41,6,2,3,SR,-0.4,0.2,0.6774193548387096,0.0
1322,42,6,3,3,SR,-0.4,0.2,0.6129032258064516,1.0
1323,43,6,4,3,SR,-0.4,0.2,0.6129032258064516,1.0
1324,44,6,5,3,SR,-0.4,0.2,0.4516129032258064,1.0
1325,45,6,6,3,SR,-0.4,0.2,0.5483870967741935,1.0
1326,46,6,7,3,SR,-0.4,0.2,0.4516129032258064,1.0
1327,47,6,8,3,SR,-0.4,0.2,0.5483870967741935,1.0
1328,48,7,1,3,SR,-0.4,0.2,0.6451612903225806,0.0
1329,49,7,2,3,SR,-0.4,0.2,0.5161290322580645,1.0
1330,50,7,3,3,SR,-0.4,0.2,0.6129032258064516,1.0
1331,51,7,4,3,SR,-0.4,0.2,0.6451612903225806,1.0
1332,52,7,5,3,SR,-0.4,0.2,0.6129032258064516,1.0
1333,53,7,6,3,SR,-0.4,0.2,0.6129032258064516,1.0
1334,54,7,7,3,SR,-0.4,0.2,0.6129032258064516,1.0
1335,55,7,8,3,SR,-0.4,0.2,0.6129032258064516,1.0
1336,56,8,1,3,SR,-0.4,0.2,0.7419354838709677,0.0
1337,57,8,2,3,SR,-0.4,0.2,0.7096774193548387,1.0
1338,58,8,3,3,SR,-0.4,0.2,0.7096774193548387,1.0
1339,59,8,4,3,SR,-0.4,0.2,0.6451612903225806,1.0
1340,60,8,5,3,SR,-0.4,0.2,0.6451612903225806,1.0
1341,61,8,6,3,SR,-0.4,0.2,0.6129032258064516,1.0
1342,62,8,7,3,SR,-0.4,0.2,0.6451612903225806,1.0
1343,63,8,8,3,SR,-0.4,0.2,0.7096774193548387,1.0
1344,0,1,1,3,SR,-0.3,0.2,0.5806451612903226,0.0
1345,1,1,2,3,SR,-0.3,0.2,0.4516129032258064,0.0
1346,2,1,3,3,SR,-0.3,0.2,0.6774193548387096,0.0
1347,3,1,4,3,SR,-0.3,0.2,0.6451612903225806,0.0
1348,4,1,5,3,SR,-0.3,0.2,0.7096774193548387,1.0
1349,5,1,6,3,SR,-0.3,0.2,0.6129032258064516,1.0
1350,6,1,7,3,SR,-0.3,0.2,0.5161290322580645,1.0
1351,7,1,8,3,SR,-0.3,0.2,0.5483870967741935,1.0
1352,8,2,1,3,SR,-0.3,0.2,0.8064516129032258,0.0
1353,9,2,2,3,SR,-0.3,0.2,0.5483870967741935,0.0
1354,10,2,3,3,SR,-0.3,0.2,0.6451612903225806,0.0
1355,11,2,4,3,SR,-0.3,0.2,0.6451612903225806,0.0
1356,12,2,5,3,SR,-0.3,0.2,0.6129032258064516,1.0
1357,13,2,6,3,SR,-0.3,0.2,0.4516129032258064,1.0
1358,14,2,7,3,SR,-0.3,0.2,0.4838709677419355,1.0
1359,15,2,8,3,SR,-0.3,0.2,0.5806451612903226,1.0
1360,16,3,1,3,SR,-0.3,0.2,0.7741935483870968,0.0
1361,17,3,2,3,SR,-0.3,0.2,0.6129032258064516,0.0
1362,18,3,3,3,SR,-0.3,0.2,0.6451612903225806,0.0
1363,19,3,4,3,SR,-0.3,0.2,0.3870967741935484,1.0
1364,20,3,5,3,SR,-0.3,0.2,0.4193548387096774,1.0
1365,21,3,6,3,SR,-0.3,0.2,0.4516129032258064,1.0
1366,22,3,7,3,SR,-0.3,0.2,0.5483870967741935,1.0
1367,23,3,8,3,SR,-0.3,0.2,0.5806451612903226,1.0
1368,24,4,1,3,SR,-0.3,0.2,0.7419354838709677,0.0
1369,25,4,2,3,SR,-0.3,0.2,0.5161290322580645,0.0
1370,26,4,3,3,SR,-0.3,0.2,0.5806451612903226,0.0
1371,27,4,4,3,SR,-0.3,0.2,0.3548387096774194,1.0
1372,28,4,5,3,SR,-0.3,0.2,0.5483870967741935,1.0
1373,29,4,6,3,SR,-0.3,0.2,0.5483870967741935,1.0
1374,30,4,7,3,SR,-0.3,0.2,0.5806451612903226,1.0
1375,31,4,8,3,SR,-0.3,0.2,0.5806451612903226,1.0
1376,32,5,1,3,SR,-0.3,0.2,0.6774193548387096,0.0
1377,33,5,2,3,SR,-0.3,0.2,0.3870967741935484,0.0
1378,34,5,3,3,SR,-0.3,0.2,0.5806451612903226,1.0
1379,35,5,4,3,SR,-0.3,0.2,0.5806451612903226,1.0
1380,36,5,5,3,SR,-0.3,0.2,0.5161290322580645,1.0
1381,37,5,6,3,SR,-0.3,0.2,0.4838709677419355,1.0
1382,38,5,7,3,SR,-0.3,0.2,0.5161290322580645,1.0
1383,39,5,8,3,SR,-0.3,0.2,0.6129032258064516,1.0
1384,40,6,1,3,SR,-0.3,0.2,0.5483870967741935,0.0
1385,41,6,2,3,SR,-0.3,0.2,0.4838709677419355,0.0
1386,42,6,3,3,SR,-0.3,0.2,0.5806451612903226,1.0
1387,43,6,4,3,SR,-0.3,0.2,0.6129032258064516,1.0
1388,44,6,5,3,SR,-0.3,0.2,0.5161290322580645,1.0
1389,45,6,6,3,SR,-0.3,0.2,0.4516129032258064,1.0
1390,46,6,7,3,SR,-0.3,0.2,0.5161290322580645,1.0
1391,47,6,8,3,SR,-0.3,0.2,0.7096774193548387,1.0
1392,48,7,1,3,SR,-0.3,0.2,0.6129032258064516,0.0
1393,49,7,2,3,SR,-0.3,0.2,0.5806451612903226,1.0
1394,50,7,3,3,SR,-0.3,0.2,0.7741935483870968,1.0
1395,51,7,4,3,SR,-0.3,0.2,0.6451612903225806,1.0
1396,52,7,5,3,SR,-0.3,0.2,0.5161290322580645,1.0
1397,53,7,6,3,SR,-0.3,0.2,0.4193548387096774,1.0
1398,54,7,7,3,SR,-0.3,0.2,0.4516129032258064,1.0
1399,55,7,8,3,SR,-0.3,0.2,0.5161290322580645,1.0
1400,56,8,1,3,SR,-0.3,0.2,0.7741935483870968,0.0
1401,57,8,2,3,SR,-0.3,0.2,0.6451612903225806,1.0
1402,58,8,3,3,SR,-0.3,0.2,0.7096774193548387,1.0
1403,59,8,4,3,SR,-0.3,0.2,0.5806451612903226,1.0
1404,60,8,5,3,SR,-0.3,0.2,0.5483870967741935,1.0
1405,61,8,6,3,SR,-0.3,0.2,0.5483870967741935,1.0
1406,62,8,7,3,SR,-0.3,0.2,0.6129032258064516,1.0
1407,63,8,8,3,SR,-0.3,0.2,0.6129032258064516,1.0
1408,0,1,1,3,SR,-0.2,0.2,0.6451612903225806,0.0
1409,1,1,2,3,SR,-0.2,0.2,0.5806451612903226,0.0
1410,2,1,3,3,SR,-0.2,0.2,0.5806451612903226,0.0
1411,3,1,4,3,SR,-0.2,0.2,0.4516129032258064,0.0
1412,4,1,5,3,SR,-0.2,0.2,0.6774193548387096,1.0
1413,5,1,6,3,SR,-0.2,0.2,0.6451612903225806,1.0
1414,6,1,7,3,SR,-0.2,0.2,0.7096774193548387,1.0
1415,7,1,8,3,SR,-0.2,0.2,0.6774193548387096,1.0
1416,8,2,1,3,SR,-0.2,0.2,0.7096774193548387,0.0
1417,9,2,2,3,SR,-0.2,0.2,0.5806451612903226,0.0
1418,10,2,3,3,SR,-0.2,0.2,0.6129032258064516,0.0
1419,11,2,4,3,SR,-0.2,0.2,0.6774193548387096,0.0
1420,12,2,5,3,SR,-0.2,0.2,0.5483870967741935,1.0
1421,13,2,6,3,SR,-0.2,0.2,0.7096774193548387,1.0
1422,14,2,7,3,SR,-0.2,0.2,0.5806451612903226,1.0
1423,15,2,8,3,SR,-0.2,0.2,0.7419354838709677,1.0
1424,16,3,1,3,SR,-0.2,0.2,0.6774193548387096,0.0
1425,17,3,2,3,SR,-0.2,0.2,0.5806451612903226,0.0
1426,18,3,3,3,SR,-0.2,0.2,0.7419354838709677,0.0
1427,19,3,4,3,SR,-0.2,0.2,0.5806451612903226,1.0
1428,20,3,5,3,SR,-0.2,0.2,0.5806451612903226,1.0
1429,21,3,6,3,SR,-0.2,0.2,0.5806451612903226,1.0
1430,22,3,7,3,SR,-0.2,0.2,0.6774193548387096,1.0
1431,23,3,8,3,SR,-0.2,0.2,0.5483870967741935,1.0
1432,24,4,1,3,SR,-0.2,0.2,0.6451612903225806,0.0
1433,25,4,2,3,SR,-0.2,0.2,0.4838709677419355,0.0
1434,26,4,3,3,SR,-0.2,0.2,0.7096774193548387,0.0
1435,27,4,4,3,SR,-0.2,0.2,0.6774193548387096,1.0
1436,28,4,5,3,SR,-0.2,0.2,0.6451612903225806,1.0
1437,29,4,6,3,SR,-0.2,0.2,0.6451612903225806,1.0
1438,30,4,7,3,SR,-0.2,0.2,0.6129032258064516,1.0
1439,31,4,8,3,SR,-0.2,0.2,0.6451612903225806,1.0
1440,32,5,1,3,SR,-0.2,0.2,0.6129032258064516,0.0
1441,33,5,2,3,SR,-0.2,0.2,0.7419354838709677,0.0
1442,34,5,3,3,SR,-0.2,0.2,0.7419354838709677,1.0
1443,35,5,4,3,SR,-0.2,0.2,0.5806451612903226,1.0
1444,36,5,5,3,SR,-0.2,0.2,0.5806451612903226,1.0
1445,37,5,6,3,SR,-0.2,0.2,0.4838709677419355,1.0
1446,38,5,7,3,SR,-0.2,0.2,0.5483870967741935,1.0
1447,39,5,8,3,SR,-0.2,0.2,0.6451612903225806,1.0
1448,40,6,1,3,SR,-0.2,0.2,0.6451612903225806,0.0
1449,41,6,2,3,SR,-0.2,0.2,0.6451612903225806,0.0
1450,42,6,3,3,SR,-0.2,0.2,0.5483870967741935,1.0
1451,43,6,4,3,SR,-0.2,0.2,0.5161290322580645,1.0
1452,44,6,5,3,SR,-0.2,0.2,0.4838709677419355,1.0
1453,45,6,6,3,SR,-0.2,0.2,0.5161290322580645,1.0
1454,46,6,7,3,SR,-0.2,0.2,0.5806451612903226,1.0
1455,47,6,8,3,SR,-0.2,0.2,0.4838709677419355,1.0
1456,48,7,1,3,SR,-0.2,0.2,0.7419354838709677,0.0
1457,49,7,2,3,SR,-0.2,0.2,0.6774193548387096,1.0
1458,50,7,3,3,SR,-0.2,0.2,0.7096774193548387,1.0
1459,51,7,4,3,SR,-0.2,0.2,0.6129032258064516,1.0
1460,52,7,5,3,SR,-0.2,0.2,0.5483870967741935,1.0
1461,53,7,6,3,SR,-0.2,0.2,0.5806451612903226,1.0
1462,54,7,7,3,SR,-0.2,0.2,0.6451612903225806,1.0
1463,55,7,8,3,SR,-0.2,0.2,0.4838709677419355,1.0
1464,56,8,1,3,SR,-0.2,0.2,0.7419354838709677,0.0
1465,57,8,2,3,SR,-0.2,0.2,0.5806451612903226,1.0
1466,58,8,3,3,SR,-0.2,0.2,0.6129032258064516,1.0
1467,59,8,4,3,SR,-0.2,0.2,0.7096774193548387,1.0
1468,60,8,5,3,SR,-0.2,0.2,0.6774193548387096,1.0
1469,61,8,6,3,SR,-0.2,0.2,0.6774193548387096,1.0
1470,62,8,7,3,SR,-0.2,0.2,0.6129032258064516,1.0
1471,63,8,8,3,SR,-0.2,0.2,0.6451612903225806,1.0
1472,0,1,1,3,SR,-0.1,0.2,0.6129032258064516,0.0
1473,1,1,2,3,SR,-0.1,0.2,0.5806451612903226,0.0
1474,2,1,3,3,SR,-0.1,0.2,0.5161290322580645,0.0
1475,3,1,4,3,SR,-0.1,0.2,0.5483870967741935,0.0
1476,4,1,5,3,SR,-0.1,0.2,0.6129032258064516,1.0
1477,5,1,6,3,SR,-0.1,0.2,0.6129032258064516,1.0
1478,6,1,7,3,SR,-0.1,0.2,0.6451612903225806,1.0
1479,7,1,8,3,SR,-0.1,0.2,0.7096774193548387,1.0
1480,8,2,1,3,SR,-0.1,0.2,0.6774193548387096,0.0
1481,9,2,2,3,SR,-0.1,0.2,0.6129032258064516,0.0
1482,10,2,3,3,SR,-0.1,0.2,0.6774193548387096,0.0
1483,11,2,4,3,SR,-0.1,0.2,0.6129032258064516,0.0
1484,12,2,5,3,SR,-0.1,0.2,0.6451612903225806,1.0
1485,13,2,6,3,SR,-0.1,0.2,0.5483870967741935,1.0
1486,14,2,7,3,SR,-0.1,0.2,0.6129032258064516,1.0
1487,15,2,8,3,SR,-0.1,0.2,0.6129032258064516,1.0
1488,16,3,1,3,SR,-0.1,0.2,0.6451612903225806,0.0
1489,17,3,2,3,SR,-0.1,0.2,0.5806451612903226,0.0
1490,18,3,3,3,SR,-0.1,0.2,0.5483870967741935,0.0
1491,19,3,4,3,SR,-0.1,0.2,0.6774193548387096,1.0
1492,20,3,5,3,SR,-0.1,0.2,0.5806451612903226,1.0
1493,21,3,6,3,SR,-0.1,0.2,0.5806451612903226,1.0
1494,22,3,7,3,SR,-0.1,0.2,0.5483870967741935,1.0
1495,23,3,8,3,SR,-0.1,0.2,0.6129032258064516,1.0
1496,24,4,1,3,SR,-0.1,0.2,0.5806451612903226,0.0
1497,25,4,2,3,SR,-0.1,0.2,0.6451612903225806,0.0
1498,26,4,3,3,SR,-0.1,0.2,0.5483870967741935,0.0
1499,27,4,4,3,SR,-0.1,0.2,0.6451612903225806,1.0
1500,28,4,5,3,SR,-0.1,0.2,0.6129032258064516,1.0
1501,29,4,6,3,SR,-0.1,0.2,0.5161290322580645,1.0
1502,30,4,7,3,SR,-0.1,0.2,0.6451612903225806,1.0
1503,31,4,8,3,SR,-0.1,0.2,0.4838709677419355,1.0
1504,32,5,1,3,SR,-0.1,0.2,0.6451612903225806,0.0
1505,33,5,2,3,SR,-0.1,0.2,0.7096774193548387,0.0
1506,34,5,3,3,SR,-0.1,0.2,0.6774193548387096,1.0
1507,35,5,4,3,SR,-0.1,0.2,0.6129032258064516,1.0
1508,36,5,5,3,SR,-0.1,0.2,0.5806451612903226,1.0
1509,37,5,6,3,SR,-0.1,0.2,0.4193548387096774,1.0
1510,38,5,7,3,SR,-0.1,0.2,0.5483870967741935,1.0
1511,39,5,8,3,SR,-0.1,0.2,0.5806451612903226,1.0
1512,40,6,1,3,SR,-0.1,0.2,0.6774193548387096,0.0
1513,41,6,2,3,SR,-0.1,0.2,0.7419354838709677,0.0
1514,42,6,3,3,SR,-0.1,0.2,0.6451612903225806,1.0
1515,43,6,4,3,SR,-0.1,0.2,0.6129032258064516,1.0
1516,44,6,5,3,SR,-0.1,0.2,0.7419354838709677,1.0
1517,45,6,6,3,SR,-0.1,0.2,0.4838709677419355,1.0
1518,46,6,7,3,SR,-0.1,0.2,0.5806451612903226,1.0
1519,47,6,8,3,SR,-0.1,0.2,0.6451612903225806,1.0
1520,48,7,1,3,SR,-0.1,0.2,0.8387096774193549,0.0
1521,49,7,2,3,SR,-0.1,0.2,0.7419354838709677,1.0
1522,50,7,3,3,SR,-0.1,0.2,0.6451612903225806,1.0
1523,51,7,4,3,SR,-0.1,0.2,0.5806451612903226,1.0
1524,52,7,5,3,SR,-0.1,0.2,0.4838709677419355,1.0
1525,53,7,6,3,SR,-0.1,0.2,0.5806451612903226,1.0
1526,54,7,7,3,SR,-0.1,0.2,0.6774193548387096,1.0
1527,55,7,8,3,SR,-0.1,0.2,0.7741935483870968,1.0
1528,56,8,1,3,SR,-0.1,0.2,0.8709677419354839,0.0
1529,57,8,2,3,SR,-0.1,0.2,0.6774193548387096,1.0
1530,58,8,3,3,SR,-0.1,0.2,0.7419354838709677,1.0
1531,59,8,4,3,SR,-0.1,0.2,0.8064516129032258,1.0
1532,60,8,5,3,SR,-0.1,0.2,0.9032258064516128,1.0
1533,61,8,6,3,SR,-0.1,0.2,0.967741935483871,1.0
1534,62,8,7,3,SR,-0.1,0.2,0.7741935483870968,1.0
1535,63,8,8,3,SR,-0.1,0.2,0.7419354838709677,1.0
1536,0,1,1,3,SR,0.0,0.2,0.5161290322580645,0.0
1537,1,1,2,3,SR,0.0,0.2,0.5161290322580645,0.0
1538,2,1,3,3,SR,0.0,0.2,0.6129032258064516,0.0
1539,3,1,4,3,SR,0.0,0.2,0.6451612903225806,0.0
1540,4,1,5,3,SR,0.0,0.2,0.6451612903225806,1.0
1541,5,1,6,3,SR,0.0,0.2,0.5161290322580645,1.0
1542,6,1,7,3,SR,0.0,0.2,0.7096774193548387,1.0
1543,7,1,8,3,SR,0.0,0.2,0.7096774193548387,1.0
1544,8,2,1,3,SR,0.0,0.2,0.6129032258064516,0.0
1545,9,2,2,3,SR,0.0,0.2,0.7096774193548387,0.0
1546,10,2,3,3,SR,0.0,0.2,0.8064516129032258,0.0
1547,11,2,4,3,SR,0.0,0.2,0.7096774193548387,0.0
1548,12,2,5,3,SR,0.0,0.2,0.6451612903225806,1.0
1549,13,2,6,3,SR,0.0,0.2,0.5161290322580645,1.0
1550,14,2,7,3,SR,0.0,0.2,0.6451612903225806,1.0
1551,15,2,8,3,SR,0.0,0.2,0.7096774193548387,1.0
1552,16,3,1,3,SR,0.0,0.2,0.6129032258064516,0.0
1553,17,3,2,3,SR,0.0,0.2,0.6451612903225806,0.0
1554,18,3,3,3,SR,0.0,0.2,0.6774193548387096,0.0
1555,19,3,4,3,SR,0.0,0.2,0.6774193548387096,1.0
1556,20,3,5,3,SR,0.0,0.2,0.6774193548387096,1.0
1557,21,3,6,3,SR,0.0,0.2,0.6451612903225806,1.0
1558,22,3,7,3,SR,0.0,0.2,0.7096774193548387,1.0
1559,23,3,8,3,SR,0.0,0.2,0.7096774193548387,1.0
1560,24,4,1,3,SR,0.0,0.2,0.6451612903225806,0.0
1561,25,4,2,3,SR,0.0,0.2,0.6451612903225806,0.0
1562,26,4,3,3,SR,0.0,0.2,0.7741935483870968,0.0
1563,27,4,4,3,SR,0.0,0.2,0.8064516129032258,1.0
1564,28,4,5,3,SR,0.0,0.2,0.6774193548387096,1.0
1565,29,4,6,3,SR,0.0,0.2,0.7096774193548387,1.0
1566,30,4,7,3,SR,0.0,0.2,0.6774193548387096,1.0
1567,31,4,8,3,SR,0.0,0.2,0.7096774193548387,1.0
1568,32,5,1,3,SR,0.0,0.2,0.8387096774193549,0.0
1569,33,5,2,3,SR,0.0,0.2,0.7419354838709677,0.0
1570,34,5,3,3,SR,0.0,0.2,0.7096774193548387,1.0
1571,35,5,4,3,SR,0.0,0.2,0.5483870967741935,1.0
1572,36,5,5,3,SR,0.0,0.2,0.6451612903225806,1.0
1573,37,5,6,3,SR,0.0,0.2,0.6129032258064516,1.0
1574,38,5,7,3,SR,0.0,0.2,0.6774193548387096,1.0
1575,39,5,8,3,SR,0.0,0.2,0.8064516129032258,1.0
1576,40,6,1,3,SR,0.0,0.2,0.8387096774193549,0.0
1577,41,6,2,3,SR,0.0,0.2,0.8709677419354839,0.0
1578,42,6,3,3,SR,0.0,0.2,0.7419354838709677,1.0
1579,43,6,4,3,SR,0.0,0.2,0.7096774193548387,1.0
1580,44,6,5,3,SR,0.0,0.2,0.7419354838709677,1.0
1581,45,6,6,3,SR,0.0,0.2,0.6451612903225806,1.0
1582,46,6,7,3,SR,0.0,0.2,0.7096774193548387,1.0
1583,47,6,8,3,SR,0.0,0.2,0.8064516129032258,1.0
1584,48,7,1,3,SR,0.0,0.2,0.935483870967742,0.0
1585,49,7,2,3,SR,0.0,0.2,0.935483870967742,1.0
1586,50,7,3,3,SR,0.0,0.2,0.8064516129032258,1.0
1587,51,7,4,3,SR,0.0,0.2,0.6129032258064516,1.0
1588,52,7,5,3,SR,0.0,0.2,0.6774193548387096,1.0
1589,53,7,6,3,SR,0.0,0.2,0.7419354838709677,1.0
1590,54,7,7,3,SR,0.0,0.2,0.8064516129032258,1.0
1591,55,7,8,3,SR,0.0,0.2,0.935483870967742,1.0
1592,56,8,1,3,SR,0.0,0.2,0.935483870967742,0.0
1593,57,8,2,3,SR,0.0,0.2,0.9032258064516128,1.0
1594,58,8,3,3,SR,0.0,0.2,0.7096774193548387,1.0
1595,59,8,4,3,SR,0.0,0.2,0.9032258064516128,1.0
1596,60,8,5,3,SR,0.0,0.2,0.935483870967742,1.0
1597,61,8,6,3,SR,0.0,0.2,0.9032258064516128,1.0
1598,62,8,7,3,SR,0.0,0.2,0.9032258064516128,1.0
1599,63,8,8,3,SR,0.0,0.2,0.967741935483871,1.0
1600,0,1,1,3,SR,0.1,0.2,0.7419354838709677,0.0
1601,1,1,2,3,SR,0.1,0.2,0.5806451612903226,0.0
1602,2,1,3,3,SR,0.1,0.2,0.6774193548387096,0.0
1603,3,1,4,3,SR,0.1,0.2,0.6451612903225806,0.0
1604,4,1,5,3,SR,0.1,0.2,0.7096774193548387,1.0
1605,5,1,6,3,SR,0.1,0.2,0.7419354838709677,1.0
1606,6,1,7,3,SR,0.1,0.2,0.7096774193548387,1.0
1607,7,1,8,3,SR,0.1,0.2,0.6774193548387096,1.0
1608,8,2,1,3,SR,0.1,0.2,0.6129032258064516,0.0
1609,9,2,2,3,SR,0.1,0.2,0.6451612903225806,0.0
1610,10,2,3,3,SR,0.1,0.2,0.7096774193548387,0.0
1611,11,2,4,3,SR,0.1,0.2,0.5806451612903226,0.0
1612,12,2,5,3,SR,0.1,0.2,0.7419354838709677,1.0
1613,13,2,6,3,SR,0.1,0.2,0.5806451612903226,1.0
1614,14,2,7,3,SR,0.1,0.2,0.7096774193548387,1.0
1615,15,2,8,3,SR,0.1,0.2,0.6451612903225806,1.0
1616,16,3,1,3,SR,0.1,0.2,0.6451612903225806,0.0
1617,17,3,2,3,SR,0.1,0.2,0.5483870967741935,0.0
1618,18,3,3,3,SR,0.1,0.2,0.6774193548387096,0.0
1619,19,3,4,3,SR,0.1,0.2,0.6451612903225806,1.0
1620,20,3,5,3,SR,0.1,0.2,0.7419354838709677,1.0
1621,21,3,6,3,SR,0.1,0.2,0.5161290322580645,1.0
1622,22,3,7,3,SR,0.1,0.2,0.6129032258064516,1.0
1623,23,3,8,3,SR,0.1,0.2,0.7741935483870968,1.0
1624,24,4,1,3,SR,0.1,0.2,0.6451612903225806,0.0
1625,25,4,2,3,SR,0.1,0.2,0.6129032258064516,0.0
1626,26,4,3,3,SR,0.1,0.2,0.7419354838709677,0.0
1627,27,4,4,3,SR,0.1,0.2,0.7096774193548387,1.0
1628,28,4,5,3,SR,0.1,0.2,0.7741935483870968,1.0
1629,29,4,6,3,SR,0.1,0.2,0.7741935483870968,1.0
1630,30,4,7,3,SR,0.1,0.2,0.8709677419354839,1.0
1631,31,4,8,3,SR,0.1,0.2,0.8064516129032258,1.0
1632,32,5,1,3,SR,0.1,0.2,0.6129032258064516,0.0
1633,33,5,2,3,SR,0.1,0.2,0.6774193548387096,0.0
1634,34,5,3,3,SR,0.1,0.2,0.7741935483870968,1.0
1635,35,5,4,3,SR,0.1,0.2,0.5806451612903226,1.0
1636,36,5,5,3,SR,0.1,0.2,0.8387096774193549,1.0
1637,37,5,6,3,SR,0.1,0.2,0.7096774193548387,1.0
1638,38,5,7,3,SR,0.1,0.2,0.8709677419354839,1.0
1639,39,5,8,3,SR,0.1,0.2,0.8064516129032258,1.0
1640,40,6,1,3,SR,0.1,0.2,0.8709677419354839,0.0
1641,41,6,2,3,SR,0.1,0.2,0.935483870967742,0.0
1642,42,6,3,3,SR,0.1,0.2,0.8709677419354839,1.0
1643,43,6,4,3,SR,0.1,0.2,0.7741935483870968,1.0
1644,44,6,5,3,SR,0.1,0.2,0.8387096774193549,1.0
1645,45,6,6,3,SR,0.1,0.2,0.8387096774193549,1.0
1646,46,6,7,3,SR,0.1,0.2,0.8387096774193549,1.0
1647,47,6,8,3,SR,0.1,0.2,0.7741935483870968,1.0
1648,48,7,1,3,SR,0.1,0.2,0.935483870967742,0.0
1649,49,7,2,3,SR,0.1,0.2,0.935483870967742,1.0
1650,50,7,3,3,SR,0.1,0.2,0.8387096774193549,1.0
1651,51,7,4,3,SR,0.1,0.2,0.8064516129032258,1.0
1652,52,7,5,3,SR,0.1,0.2,0.7741935483870968,1.0
1653,53,7,6,3,SR,0.1,0.2,0.967741935483871,1.0
1654,54,7,7,3,SR,0.1,0.2,0.935483870967742,1.0
1655,55,7,8,3,SR,0.1,0.2,0.9032258064516128,1.0
1656,56,8,1,3,SR,0.1,0.2,0.9032258064516128,0.0
1657,57,8,2,3,SR,0.1,0.2,0.967741935483871,1.0
1658,58,8,3,3,SR,0.1,0.2,1.0,1.0
1659,59,8,4,3,SR,0.1,0.2,1.0,1.0
1660,60,8,5,3,SR,0.1,0.2,0.935483870967742,1.0
1661,61,8,6,3,SR,0.1,0.2,0.967741935483871,1.0
1662,62,8,7,3,SR,0.1,0.2,0.935483870967742,1.0
1663,63,8,8,3,SR,0.1,0.2,0.967741935483871,1.0
1664,0,1,1,3,SR,0.2,0.2,0.7096774193548387,0.0
1665,1,1,2,3,SR,0.2,0.2,0.7096774193548387,0.0
1666,2,1,3,3,SR,0.2,0.2,0.5161290322580645,0.0
1667,3,1,4,3,SR,0.2,0.2,0.4838709677419355,0.0
1668,4,1,5,3,SR,0.2,0.2,0.4516129032258064,1.0
1669,5,1,6,3,SR,0.2,0.2,0.5483870967741935,1.0
1670,6,1,7,3,SR,0.2,0.2,0.6774193548387096,1.0
1671,7,1,8,3,SR,0.2,0.2,0.6774193548387096,1.0
1672,8,2,1,3,SR,0.2,0.2,0.7741935483870968,0.0
1673,9,2,2,3,SR,0.2,0.2,0.6129032258064516,0.0
1674,10,2,3,3,SR,0.2,0.2,0.5483870967741935,0.0
1675,11,2,4,3,SR,0.2,0.2,0.6451612903225806,0.0
1676,12,2,5,3,SR,0.2,0.2,0.6129032258064516,1.0
1677,13,2,6,3,SR,0.2,0.2,0.6774193548387096,1.0
1678,14,2,7,3,SR,0.2,0.2,0.6774193548387096,1.0
1679,15,2,8,3,SR,0.2,0.2,0.7096774193548387,1.0
1680,16,3,1,3,SR,0.2,0.2,0.7419354838709677,0.0
1681,17,3,2,3,SR,0.2,0.2,0.6451612903225806,0.0
1682,18,3,3,3,SR,0.2,0.2,0.5161290322580645,0.0
1683,19,3,4,3,SR,0.2,0.2,0.6451612903225806,1.0
1684,20,3,5,3,SR,0.2,0.2,0.7096774193548387,1.0
1685,21,3,6,3,SR,0.2,0.2,0.7419354838709677,1.0
1686,22,3,7,3,SR,0.2,0.2,0.7419354838709677,1.0
1687,23,3,8,3,SR,0.2,0.2,0.7419354838709677,1.0
1688,24,4,1,3,SR,0.2,0.2,0.7096774193548387,0.0
1689,25,4,2,3,SR,0.2,0.2,0.7419354838709677,0.0
1690,26,4,3,3,SR,0.2,0.2,0.6774193548387096,0.0
1691,27,4,4,3,SR,0.2,0.2,0.7741935483870968,1.0
1692,28,4,5,3,SR,0.2,0.2,0.7419354838709677,1.0
1693,29,4,6,3,SR,0.2,0.2,0.7419354838709677,1.0
1694,30,4,7,3,SR,0.2,0.2,0.7096774193548387,1.0
1695,31,4,8,3,SR,0.2,0.2,0.7096774193548387,1.0
1696,32,5,1,3,SR,0.2,0.2,0.6451612903225806,0.0
1697,33,5,2,3,SR,0.2,0.2,0.6451612903225806,0.0
1698,34,5,3,3,SR,0.2,0.2,0.6451612903225806,1.0
1699,35,5,4,3,SR,0.2,0.2,0.5483870967741935,1.0
1700,36,5,5,3,SR,0.2,0.2,0.6129032258064516,1.0
1701,37,5,6,3,SR,0.2,0.2,0.6451612903225806,1.0
1702,38,5,7,3,SR,0.2,0.2,0.935483870967742,1.0
1703,39,5,8,3,SR,0.2,0.2,0.9032258064516128,1.0
1704,40,6,1,3,SR,0.2,0.2,0.6451612903225806,0.0
1705,41,6,2,3,SR,0.2,0.2,0.7096774193548387,0.0
1706,42,6,3,3,SR,0.2,0.2,0.6129032258064516,1.0
1707,43,6,4,3,SR,0.2,0.2,0.7096774193548387,1.0
1708,44,6,5,3,SR,0.2,0.2,0.7419354838709677,1.0
1709,45,6,6,3,SR,0.2,0.2,0.6774193548387096,1.0
1710,46,6,7,3,SR,0.2,0.2,0.6129032258064516,1.0
1711,47,6,8,3,SR,0.2,0.2,0.8064516129032258,1.0
1712,48,7,1,3,SR,0.2,0.2,0.8387096774193549,0.0
1713,49,7,2,3,SR,0.2,0.2,0.8387096774193549,1.0
1714,50,7,3,3,SR,0.2,0.2,0.8064516129032258,1.0
1715,51,7,4,3,SR,0.2,0.2,0.8387096774193549,1.0
1716,52,7,5,3,SR,0.2,0.2,0.8709677419354839,1.0
1717,53,7,6,3,SR,0.2,0.2,0.935483870967742,1.0
1718,54,7,7,3,SR,0.2,0.2,0.8709677419354839,1.0
1719,55,7,8,3,SR,0.2,0.2,0.8064516129032258,1.0
1720,56,8,1,3,SR,0.2,0.2,0.967741935483871,0.0
1721,57,8,2,3,SR,0.2,0.2,0.967741935483871,1.0
1722,58,8,3,3,SR,0.2,0.2,0.8387096774193549,1.0
1723,59,8,4,3,SR,0.2,0.2,0.9032258064516128,1.0
1724,60,8,5,3,SR,0.2,0.2,0.935483870967742,1.0
1725,61,8,6,3,SR,0.2,0.2,0.8709677419354839,1.0
1726,62,8,7,3,SR,0.2,0.2,0.8387096774193549,1.0
1727,63,8,8,3,SR,0.2,0.2,0.7741935483870968,1.0
1728,0,1,1,3,SR,0.3,0.2,0.8387096774193549,0.0
1729,1,1,2,3,SR,0.3,0.2,0.5806451612903226,0.0
1730,2,1,3,3,SR,0.3,0.2,0.6774193548387096,0.0
1731,3,1,4,3,SR,0.3,0.2,0.5806451612903226,0.0
1732,4,1,5,3,SR,0.3,0.2,0.4838709677419355,1.0
1733,5,1,6,3,SR,0.3,0.2,0.4838709677419355,1.0
1734,6,1,7,3,SR,0.3,0.2,0.6129032258064516,1.0
1735,7,1,8,3,SR,0.3,0.2,0.4838709677419355,1.0
1736,8,2,1,3,SR,0.3,0.2,0.8387096774193549,0.0
1737,9,2,2,3,SR,0.3,0.2,0.5161290322580645,0.0
1738,10,2,3,3,SR,0.3,0.2,0.6451612903225806,0.0
1739,11,2,4,3,SR,0.3,0.2,0.7096774193548387,0.0
1740,12,2,5,3,SR,0.3,0.2,0.6774193548387096,1.0
1741,13,2,6,3,SR,0.3,0.2,0.7096774193548387,1.0
1742,14,2,7,3,SR,0.3,0.2,0.5483870967741935,1.0
1743,15,2,8,3,SR,0.3,0.2,0.5483870967741935,1.0
1744,16,3,1,3,SR,0.3,0.2,0.8387096774193549,0.0
1745,17,3,2,3,SR,0.3,0.2,0.5806451612903226,0.0
1746,18,3,3,3,SR,0.3,0.2,0.4838709677419355,0.0
1747,19,3,4,3,SR,0.3,0.2,0.7419354838709677,1.0
1748,20,3,5,3,SR,0.3,0.2,0.7741935483870968,1.0
1749,21,3,6,3,SR,0.3,0.2,0.7741935483870968,1.0
1750,22,3,7,3,SR,0.3,0.2,0.6451612903225806,1.0
1751,23,3,8,3,SR,0.3,0.2,0.6774193548387096,1.0
1752,24,4,1,3,SR,0.3,0.2,0.6451612903225806,0.0
1753,25,4,2,3,SR,0.3,0.2,0.6774193548387096,0.0
1754,26,4,3,3,SR,0.3,0.2,0.4838709677419355,0.0
1755,27,4,4,3,SR,0.3,0.2,0.6774193548387096,1.0
1756,28,4,5,3,SR,0.3,0.2,0.7419354838709677,1.0
1757,29,4,6,3,SR,0.3,0.2,0.7741935483870968,1.0
1758,30,4,7,3,SR,0.3,0.2,0.5483870967741935,1.0
1759,31,4,8,3,SR,0.3,0.2,0.6451612903225806,1.0
1760,32,5,1,3,SR,0.3,0.2,0.6451612903225806,0.0
1761,33,5,2,3,SR,0.3,0.2,0.6774193548387096,0.0
1762,34,5,3,3,SR,0.3,0.2,0.5806451612903226,1.0
1763,35,5,4,3,SR,0.3,0.2,0.7096774193548387,1.0
1764,36,5,5,3,SR,0.3,0.2,0.5483870967741935,1.0
1765,37,5,6,3,SR,0.3,0.2,0.5806451612903226,1.0
1766,38,5,7,3,SR,0.3,0.2,0.5483870967741935,1.0
1767,39,5,8,3,SR,0.3,0.2,0.8064516129032258,1.0
1768,40,6,1,3,SR,0.3,0.2,0.6451612903225806,0.0
1769,41,6,2,3,SR,0.3,0.2,0.6129032258064516,0.0
1770,42,6,3,3,SR,0.3,0.2,0.7419354838709677,1.0
1771,43,6,4,3,SR,0.3,0.2,0.8387096774193549,1.0
1772,44,6,5,3,SR,0.3,0.2,0.7096774193548387,1.0
1773,45,6,6,3,SR,0.3,0.2,0.3870967741935484,1.0
1774,46,6,7,3,SR,0.3,0.2,0.6774193548387096,1.0
1775,47,6,8,3,SR,0.3,0.2,0.7741935483870968,1.0
1776,48,7,1,3,SR,0.3,0.2,0.8064516129032258,0.0
1777,49,7,2,3,SR,0.3,0.2,0.7096774193548387,1.0
1778,50,7,3,3,SR,0.3,0.2,0.9032258064516128,1.0
1779,51,7,4,3,SR,0.3,0.2,0.967741935483871,1.0
1780,52,7,5,3,SR,0.3,0.2,0.8709677419354839,1.0
1781,53,7,6,3,SR,0.3,0.2,0.7096774193548387,1.0
1782,54,7,7,3,SR,0.3,0.2,0.8387096774193549,1.0
1783,55,7,8,3,SR,0.3,0.2,0.8709677419354839,1.0
1784,56,8,1,3,SR,0.3,0.2,1.0,0.0
1785,57,8,2,3,SR,0.3,0.2,0.967741935483871,1.0
1786,58,8,3,3,SR,0.3,0.2,0.967741935483871,1.0
1787,59,8,4,3,SR,0.3,0.2,0.967741935483871,1.0
1788,60,8,5,3,SR,0.3,0.2,0.935483870967742,1.0
1789,61,8,6,3,SR,0.3,0.2,0.8387096774193549,1.0
1790,62,8,7,3,SR,0.3,0.2,0.8387096774193549,1.0
1791,63,8,8,3,SR,0.3,0.2,0.7419354838709677,1.0
1792,0,1,1,3,SR,0.4,0.2,0.8064516129032258,0.0
1793,1,1,2,3,SR,0.4,0.2,0.6774193548387096,0.0
1794,2,1,3,3,SR,0.4,0.2,0.6451612903225806,0.0
1795,3,1,4,3,SR,0.4,0.2,0.6129032258064516,0.0
1796,4,1,5,3,SR,0.4,0.2,0.5483870967741935,1.0
1797,5,1,6,3,SR,0.4,0.2,0.4193548387096774,1.0
1798,6,1,7,3,SR,0.4,0.2,0.6451612903225806,1.0
1799,7,1,8,3,SR,0.4,0.2,0.5161290322580645,1.0
1800,8,2,1,3,SR,0.4,0.2,0.5161290322580645,0.0
1801,9,2,2,3,SR,0.4,0.2,0.5483870967741935,0.0
1802,10,2,3,3,SR,0.4,0.2,0.7096774193548387,0.0
1803,11,2,4,3,SR,0.4,0.2,0.8387096774193549,0.0
1804,12,2,5,3,SR,0.4,0.2,0.7741935483870968,1.0
1805,13,2,6,3,SR,0.4,0.2,0.6774193548387096,1.0
1806,14,2,7,3,SR,0.4,0.2,0.6129032258064516,1.0
1807,15,2,8,3,SR,0.4,0.2,0.6129032258064516,1.0
1808,16,3,1,3,SR,0.4,0.2,0.4516129032258064,0.0
1809,17,3,2,3,SR,0.4,0.2,0.4838709677419355,0.0
1810,18,3,3,3,SR,0.4,0.2,0.7419354838709677,0.0
1811,19,3,4,3,SR,0.4,0.2,0.8387096774193549,1.0
1812,20,3,5,3,SR,0.4,0.2,0.7096774193548387,1.0
1813,21,3,6,3,SR,0.4,0.2,0.7419354838709677,1.0
1814,22,3,7,3,SR,0.4,0.2,0.5161290322580645,1.0
1815,23,3,8,3,SR,0.4,0.2,0.6129032258064516,1.0
1816,24,4,1,3,SR,0.4,0.2,0.3870967741935484,0.0
1817,25,4,2,3,SR,0.4,0.2,0.5161290322580645,0.0
1818,26,4,3,3,SR,0.4,0.2,0.5161290322580645,0.0
1819,27,4,4,3,SR,0.4,0.2,0.6774193548387096,1.0
1820,28,4,5,3,SR,0.4,0.2,0.6774193548387096,1.0
1821,29,4,6,3,SR,0.4,0.2,0.6129032258064516,1.0
1822,30,4,7,3,SR,0.4,0.2,0.4838709677419355,1.0
1823,31,4,8,3,SR,0.4,0.2,0.5483870967741935,1.0
1824,32,5,1,3,SR,0.4,0.2,0.5483870967741935,0.0
1825,33,5,2,3,SR,0.4,0.2,0.5161290322580645,0.0
1826,34,5,3,3,SR,0.4,0.2,0.5483870967741935,1.0
1827,35,5,4,3,SR,0.4,0.2,0.7096774193548387,1.0
1828,36,5,5,3,SR,0.4,0.2,0.6129032258064516,1.0
1829,37,5,6,3,SR,0.4,0.2,0.6451612903225806,1.0
1830,38,5,7,3,SR,0.4,0.2,0.5483870967741935,1.0
1831,39,5,8,3,SR,0.4,0.2,0.7741935483870968,1.0
1832,40,6,1,3,SR,0.4,0.2,0.5483870967741935,0.0
1833,41,6,2,3,SR,0.4,0.2,0.4516129032258064,0.0
1834,42,6,3,3,SR,0.4,0.2,0.6774193548387096,1.0
1835,43,6,4,3,SR,0.4,0.2,0.6129032258064516,1.0
1836,44,6,5,3,SR,0.4,0.2,0.4193548387096774,1.0
1837,45,6,6,3,SR,0.4,0.2,0.4516129032258064,1.0
1838,46,6,7,3,SR,0.4,0.2,0.7096774193548387,1.0
1839,47,6,8,3,SR,0.4,0.2,0.7096774193548387,1.0
1840,48,7,1,3,SR,0.4,0.2,0.6129032258064516,0.0
1841,49,7,2,3,SR,0.4,0.2,0.6129032258064516,1.0
1842,50,7,3,3,SR,0.4,0.2,0.7741935483870968,1.0
1843,51,7,4,3,SR,0.4,0.2,0.6774193548387096,1.0
1844,52,7,5,3,SR,0.4,0.2,0.6774193548387096,1.0
1845,53,7,6,3,SR,0.4,0.2,0.7741935483870968,1.0
1846,54,7,7,3,SR,0.4,0.2,0.8387096774193549,1.0
1847,55,7,8,3,SR,0.4,0.2,0.7096774193548387,1.0
1848,56,8,1,3,SR,0.4,0.2,0.9032258064516128,0.0
1849,57,8,2,3,SR,0.4,0.2,0.967741935483871,1.0
1850,58,8,3,3,SR,0.4,0.2,0.967741935483871,1.0
1851,59,8,4,3,SR,0.4,0.2,0.9032258064516128,1.0
1852,60,8,5,3,SR,0.4,0.2,0.6774193548387096,1.0
1853,61,8,6,3,SR,0.4,0.2,0.7741935483870968,1.0
1854,62,8,7,3,SR,0.4,0.2,0.8387096774193549,1.0
1855,63,8,8,3,SR,0.4,0.2,0.6451612903225806,1.0
1856,0,1,1,3,SR,0.5,0.2,0.6129032258064516,0.0
1857,1,1,2,3,SR,0.5,0.2,0.5161290322580645,0.0
1858,2,1,3,3,SR,0.5,0.2,0.5806451612903226,0.0
1859,3,1,4,3,SR,0.5,0.2,0.6774193548387096,0.0
1860,4,1,5,3,SR,0.5,0.2,0.5483870967741935,1.0
1861,5,1,6,3,SR,0.5,0.2,0.3870967741935484,1.0
1862,6,1,7,3,SR,0.5,0.2,0.4193548387096774,1.0
1863,7,1,8,3,SR,0.5,0.2,0.4193548387096774,1.0
1864,8,2,1,3,SR,0.5,0.2,0.5806451612903226,0.0
1865,9,2,2,3,SR,0.5,0.2,0.5161290322580645,0.0
1866,10,2,3,3,SR,0.5,0.2,0.6774193548387096,0.0
1867,11,2,4,3,SR,0.5,0.2,0.7096774193548387,0.0
1868,12,2,5,3,SR,0.5,0.2,0.5483870967741935,1.0
1869,13,2,6,3,SR,0.5,0.2,0.5483870967741935,1.0
1870,14,2,7,3,SR,0.5,0.2,0.4838709677419355,1.0
1871,15,2,8,3,SR,0.5,0.2,0.5161290322580645,1.0
1872,16,3,1,3,SR,0.5,0.2,0.5161290322580645,0.0
1873,17,3,2,3,SR,0.5,0.2,0.4838709677419355,0.0
1874,18,3,3,3,SR,0.5,0.2,0.5483870967741935,0.0
1875,19,3,4,3,SR,0.5,0.2,0.6129032258064516,1.0
1876,20,3,5,3,SR,0.5,0.2,0.6129032258064516,1.0
1877,21,3,6,3,SR,0.5,0.2,0.5483870967741935,1.0
1878,22,3,7,3,SR,0.5,0.2,0.5806451612903226,1.0
1879,23,3,8,3,SR,0.5,0.2,0.5483870967741935,1.0
1880,24,4,1,3,SR,0.5,0.2,0.4193548387096774,0.0
1881,25,4,2,3,SR,0.5,0.2,0.4193548387096774,0.0
1882,26,4,3,3,SR,0.5,0.2,0.5161290322580645,0.0
1883,27,4,4,3,SR,0.5,0.2,0.7096774193548387,1.0
1884,28,4,5,3,SR,0.5,0.2,0.6774193548387096,1.0
1885,29,4,6,3,SR,0.5,0.2,0.6451612903225806,1.0
1886,30,4,7,3,SR,0.5,0.2,0.5161290322580645,1.0
1887,31,4,8,3,SR,0.5,0.2,0.5161290322580645,1.0
1888,32,5,1,3,SR,0.5,0.2,0.5483870967741935,0.0
1889,33,5,2,3,SR,0.5,0.2,0.4193548387096774,0.0
1890,34,5,3,3,SR,0.5,0.2,0.4838709677419355,1.0
1891,35,5,4,3,SR,0.5,0.2,0.5161290322580645,1.0
1892,36,5,5,3,SR,0.5,0.2,0.6451612903225806,1.0
1893,37,5,6,3,SR,0.5,0.2,0.5806451612903226,1.0
1894,38,5,7,3,SR,0.5,0.2,0.4838709677419355,1.0
1895,39,5,8,3,SR,0.5,0.2,0.6451612903225806,1.0
1896,40,6,1,3,SR,0.5,0.2,0.6774193548387096,0.0
1897,41,6,2,3,SR,0.5,0.2,0.6774193548387096,0.0
1898,42,6,3,3,SR,0.5,0.2,0.5806451612903226,1.0
1899,43,6,4,3,SR,0.5,0.2,0.5483870967741935,1.0
1900,44,6,5,3,SR,0.5,0.2,0.4838709677419355,1.0
1901,45,6,6,3,SR,0.5,0.2,0.5806451612903226,1.0
1902,46,6,7,3,SR,0.5,0.2,0.5483870967741935,1.0
1903,47,6,8,3,SR,0.5,0.2,0.6129032258064516,1.0
1904,48,7,1,3,SR,0.5,0.2,0.7096774193548387,0.0
1905,49,7,2,3,SR,0.5,0.2,0.7419354838709677,1.0
1906,50,7,3,3,SR,0.5,0.2,0.7419354838709677,1.0
1907,51,7,4,3,SR,0.5,0.2,0.7419354838709677,1.0
1908,52,7,5,3,SR,0.5,0.2,0.6774193548387096,1.0
1909,53,7,6,3,SR,0.5,0.2,0.6451612903225806,1.0
1910,54,7,7,3,SR,0.5,0.2,0.6129032258064516,1.0
1911,55,7,8,3,SR,0.5,0.2,0.7741935483870968,1.0
1912,56,8,1,3,SR,0.5,0.2,0.967741935483871,0.0
1913,57,8,2,3,SR,0.5,0.2,0.9032258064516128,1.0
1914,58,8,3,3,SR,0.5,0.2,0.7741935483870968,1.0
1915,59,8,4,3,SR,0.5,0.2,0.7741935483870968,1.0
1916,60,8,5,3,SR,0.5,0.2,0.7096774193548387,1.0
1917,61,8,6,3,SR,0.5,0.2,0.5483870967741935,1.0
1918,62,8,7,3,SR,0.5,0.2,0.6129032258064516,1.0
1919,63,8,8,3,SR,0.5,0.2,0.5483870967741935,1.0
1920,0,1,1,3,SR,0.6,0.2,0.3548387096774194,0.0
1921,1,1,2,3,SR,0.6,0.2,0.3225806451612903,0.0
1922,2,1,3,3,SR,0.6,0.2,0.4193548387096774,0.0
1923,3,1,4,3,SR,0.6,0.2,0.3548387096774194,0.0
1924,4,1,5,3,SR,0.6,0.2,0.4838709677419355,1.0
1925,5,1,6,3,SR,0.6,0.2,0.3548387096774194,1.0
1926,6,1,7,3,SR,0.6,0.2,0.6129032258064516,1.0
1927,7,1,8,3,SR,0.6,0.2,0.5806451612903226,1.0
1928,8,2,1,3,SR,0.6,0.2,0.5161290322580645,0.0
1929,9,2,2,3,SR,0.6,0.2,0.4193548387096774,0.0
1930,10,2,3,3,SR,0.6,0.2,0.5161290322580645,0.0
1931,11,2,4,3,SR,0.6,0.2,0.5806451612903226,0.0
1932,12,2,5,3,SR,0.6,0.2,0.5483870967741935,1.0
1933,13,2,6,3,SR,0.6,0.2,0.3548387096774194,1.0
1934,14,2,7,3,SR,0.6,0.2,0.4516129032258064,1.0
1935,15,2,8,3,SR,0.6,0.2,0.6129032258064516,1.0
1936,16,3,1,3,SR,0.6,0.2,0.5806451612903226,0.0
1937,17,3,2,3,SR,0.6,0.2,0.5483870967741935,0.0
1938,18,3,3,3,SR,0.6,0.2,0.5161290322580645,0.0
1939,19,3,4,3,SR,0.6,0.2,0.5483870967741935,1.0
1940,20,3,5,3,SR,0.6,0.2,0.5806451612903226,1.0
1941,21,3,6,3,SR,0.6,0.2,0.4516129032258064,1.0
1942,22,3,7,3,SR,0.6,0.2,0.4516129032258064,1.0
1943,23,3,8,3,SR,0.6,0.2,0.5806451612903226,1.0
1944,24,4,1,3,SR,0.6,0.2,0.5483870967741935,0.0
1945,25,4,2,3,SR,0.6,0.2,0.6451612903225806,0.0
1946,26,4,3,3,SR,0.6,0.2,0.5806451612903226,0.0
1947,27,4,4,3,SR,0.6,0.2,0.7096774193548387,1.0
1948,28,4,5,3,SR,0.6,0.2,0.5483870967741935,1.0
1949,29,4,6,3,SR,0.6,0.2,0.5483870967741935,1.0
1950,30,4,7,3,SR,0.6,0.2,0.5483870967741935,1.0
1951,31,4,8,3,SR,0.6,0.2,0.6451612903225806,1.0
1952,32,5,1,3,SR,0.6,0.2,0.6774193548387096,0.0
1953,33,5,2,3,SR,0.6,0.2,0.5806451612903226,0.0
1954,34,5,3,3,SR,0.6,0.2,0.5161290322580645,1.0
1955,35,5,4,3,SR,0.6,0.2,0.5161290322580645,1.0
1956,36,5,5,3,SR,0.6,0.2,0.4193548387096774,1.0
1957,37,5,6,3,SR,0.6,0.2,0.6774193548387096,1.0
1958,38,5,7,3,SR,0.6,0.2,0.5161290322580645,1.0
1959,39,5,8,3,SR,0.6,0.2,0.5806451612903226,1.0
1960,40,6,1,3,SR,0.6,0.2,0.6774193548387096,0.0
1961,41,6,2,3,SR,0.6,0.2,0.6451612903225806,0.0
1962,42,6,3,3,SR,0.6,0.2,0.5161290322580645,1.0
1963,43,6,4,3,SR,0.6,0.2,0.4838709677419355,1.0
1964,44,6,5,3,SR,0.6,0.2,0.4838709677419355,1.0
1965,45,6,6,3,SR,0.6,0.2,0.4838709677419355,1.0
1966,46,6,7,3,SR,0.6,0.2,0.6129032258064516,1.0
1967,47,6,8,3,SR,0.6,0.2,0.6129032258064516,1.0
1968,48,7,1,3,SR,0.6,0.2,0.7096774193548387,0.0
1969,49,7,2,3,SR,0.6,0.2,0.6129032258064516,1.0
1970,50,7,3,3,SR,0.6,0.2,0.6129032258064516,1.0
1971,51,7,4,3,SR,0.6,0.2,0.7741935483870968,1.0
1972,52,7,5,3,SR,0.6,0.2,0.6774193548387096,1.0
1973,53,7,6,3,SR,0.6,0.2,0.7741935483870968,1.0
1974,54,7,7,3,SR,0.6,0.2,0.7419354838709677,1.0
1975,55,7,8,3,SR,0.6,0.2,0.6774193548387096,1.0
1976,56,8,1,3,SR,0.6,0.2,0.9032258064516128,0.0
1977,57,8,2,3,SR,0.6,0.2,0.8709677419354839,1.0
1978,58,8,3,3,SR,0.6,0.2,0.967741935483871,1.0
1979,59,8,4,3,SR,0.6,0.2,0.8064516129032258,1.0
1980,60,8,5,3,SR,0.6,0.2,0.8064516129032258,1.0
1981,61,8,6,3,SR,0.6,0.2,0.7741935483870968,1.0
1982,62,8,7,3,SR,0.6,0.2,0.8064516129032258,1.0
1983,63,8,8,3,SR,0.6,0.2,0.7096774193548387,1.0
